id,user_id,restaurant_id,table_id,reservation_time,guest_count,status
1,77,21,26,2026-01-06T16:20:14.425689+00:00,5,completed
2,63,22,32,2025-12-24T07:24:17.805887+00:00,4,cancelled
3,34,22,40,2026-01-02T09:01:52.020260+00:00,5,confirmed
4,39,25,63,2026-01-04T17:08:20.596042+00:00,6,confirmed
5,31,28,93,2025-12-09T11:44:45.743912+00:00,6,confirmed
6,82,29,103,2025-12-11T04:21:43.177627+00:00,3,completed
7,38,21,23,2025-12-27T20:10:06.845122+00:00,1,pending
8,33,22,40,2025-12-13T03:26:43.952683+00:00,6,confirmed
9,65,21,29,2026-01-04T00:38:31.248423+00:00,8,pending
10,88,25,64,2025-12-24T20:35:06.033793+00:00,6,confirmed
11,12,30,116,2025-12-26T03:25:08.285815+00:00,2,pending
12,34,22,39,2025-12-18T05:34:59.098580+00:00,4,completed
13,98,24,54,2025-12-12T20:49:04.918230+00:00,4,cancelled
14,46,25,62,2025-12-17T17:45:06.898733+00:00,8,cancelled
15,12,30,118,2025-12-13T15:45:46.152573+00:00,2,confirmed
16,13,23,41,2025-12-09T17:44:35.941286+00:00,4,pending
17,100,24,51,2026-01-02T21:07:48.913270+00:00,7,completed
18,72,27,85,2025-12-29T08:01:54.393374+00:00,8,completed
19,8,21,26,2025-12-14T14:04:35.798623+00:00,7,cancelled
20,19,26,73,2025-12-24T20:25:27.222645+00:00,7,confirmed
21,46,25,66,2025-12-10T16:42:36.167215+00:00,2,cancelled
22,70,22,34,2026-01-05T11:05:29.925603+00:00,8,cancelled
23,39,25,64,2025-12-26T18:05:25.296655+00:00,8,pending
24,87,22,35,2025-12-26T14:29:57.991043+00:00,2,cancelled
25,95,27,89,2026-01-02T18:29:45.498446+00:00,2,completed
26,54,24,55,2025-12-17T15:06:20.678347+00:00,5,completed
27,37,21,26,2025-12-14T21:52:05.946603+00:00,6,confirmed
28,8,21,30,2025-12-27T13:55:01.921394+00:00,8,pending
29,94,26,80,2026-01-04T19:19:30.364649+00:00,3,confirmed
30,20,25,67,2026-01-04T04:40:48.505564+00:00,5,pending
31,58,25,67,2025-12-10T00:06:09.164202+00:00,8,completed
32,88,25,67,2025-12-09T08:36:50.685849+00:00,4,pending
33,87,22,34,2026-01-04T10:28:53.810498+00:00,5,cancelled
34,10,22,38,2025-12-20T22:24:04.767596+00:00,7,cancelled
35,50,28,99,2025-12-24T06:58:53.175246+00:00,5,confirmed
36,88,25,65,2025-12-23T20:05:25.077245+00:00,7,completed
37,91,24,54,2025-12-25T13:22:53.004509+00:00,2,pending
38,46,25,63,2026-01-04T08:42:53.330961+00:00,7,cancelled
39,107,24,54,2025-12-31T04:22:14.868362+00:00,3,pending
40,35,24,53,2025-12-14T11:51:51.404445+00:00,6,confirmed
41,89,30,119,2025-12-16T21:24:51.844457+00:00,4,cancelled
42,50,28,97,2025-12-23T03:23:25.570458+00:00,4,confirmed
43,78,22,37,2026-01-04T01:05:08.327722+00:00,7,completed
44,93,30,116,2026-01-01T14:11:33.432171+00:00,8,confirmed
45,105,28,95,2025-12-16T02:44:54.090485+00:00,8,pending
46,12,30,113,2025-12-26T11:41:43.527842+00:00,8,completed
47,18,29,105,2025-12-20T11:41:24.171261+00:00,7,cancelled
48,107,24,56,2025-12-28T08:27:59.688429+00:00,1,cancelled
49,83,27,85,2025-12-31T13:10:01.921731+00:00,4,confirmed
50,10,22,38,2025-12-25T17:26:23.351633+00:00,7,cancelled
51,88,25,65,2025-12-11T00:53:02.944181+00:00,3,cancelled
52,19,26,72,2026-01-05T16:44:23.435653+00:00,3,pending
53,87,22,36,2026-01-03T05:01:45.638354+00:00,5,completed
54,27,30,111,2025-12-26T23:12:17.577323+00:00,5,completed
55,55,30,111,2025-12-19T12:15:52.649148+00:00,4,completed
56,92,27,83,2025-12-23T05:39:13.230860+00:00,8,confirmed
57,12,30,114,2025-12-16T22:27:34.734393+00:00,5,completed
58,51,28,99,2025-12-11T07:02:20.475425+00:00,7,confirmed
59,100,24,58,2025-12-25T09:13:13.799190+00:00,5,pending
60,52,30,112,2025-12-26T19:24:08.053318+00:00,7,completed
61,23,28,99,2025-12-18T22:10:31.157083+00:00,4,confirmed
62,56,26,72,2025-12-18T15:02:15.941393+00:00,2,cancelled
63,83,27,87,2025-12-18T12:25:37.280153+00:00,5,pending
64,21,30,111,2025-12-19T18:25:00.385084+00:00,1,pending
65,19,26,73,2025-12-31T10:53:02.506688+00:00,3,completed
66,90,24,53,2025-12-30T04:27:33.677407+00:00,5,completed
67,37,21,29,2025-12-13T07:59:03.857327+00:00,5,cancelled
68,43,24,59,2026-01-04T20:57:23.703440+00:00,6,cancelled
69,97,28,92,2025-12-24T05:14:35.518419+00:00,5,confirmed
70,77,21,30,2026-01-05T16:08:39.185513+00:00,1,completed
71,42,21,30,2026-01-07T02:23:40.712497+00:00,7,confirmed
72,34,22,33,2025-12-30T02:03:27.656811+00:00,5,pending
73,94,26,73,2026-01-02T20:14:20.083585+00:00,7,confirmed
74,71,22,37,2025-12-11T22:21:18.337673+00:00,8,cancelled
75,36,27,81,2025-12-22T10:42:25.076849+00:00,7,pending
76,69,26,80,2025-12-15T08:34:25.097591+00:00,4,cancelled
77,73,29,106,2025-12-30T18:48:26.703408+00:00,7,completed
78,84,25,64,2025-12-13T12:43:40.004184+00:00,3,pending
79,103,21,30,2025-12-28T06:01:25.256211+00:00,8,completed
80,60,24,56,2025-12-29T11:22:57.531970+00:00,7,confirmed
81,36,27,83,2026-01-04T07:30:26.110789+00:00,3,confirmed
82,76,30,112,2026-01-03T23:15:45.761342+00:00,1,confirmed
83,17,26,72,2025-12-19T18:40:04.618476+00:00,6,pending
84,52,30,114,2026-01-02T02:34:11.709358+00:00,1,cancelled
85,29,25,64,2025-12-11T05:12:13.952863+00:00,8,cancelled
86,73,29,109,2025-12-12T16:21:11.203988+00:00,6,completed
87,9,30,113,2025-12-18T10:58:21.322617+00:00,8,pending
88,60,24,59,2025-12-20T08:12:53.609779+00:00,4,completed
89,106,22,35,2025-12-18T21:10:33.437087+00:00,4,confirmed
90,32,21,25,2026-01-04T18:03:09.178167+00:00,1,confirmed
91,23,28,97,2025-12-23T01:56:46.624132+00:00,7,pending
92,46,25,61,2025-12-20T20:16:33.622391+00:00,5,confirmed
93,37,21,26,2025-12-19T01:19:42.568712+00:00,6,completed
94,101,25,68,2025-12-17T10:32:13.397527+00:00,3,completed
95,33,22,39,2025-12-21T04:42:34.113317+00:00,4,pending
96,106,22,36,2025-12-10T09:58:05.459766+00:00,3,confirmed
97,50,28,96,2026-01-05T09:40:25.246601+00:00,6,completed
98,8,21,26,2025-12-24T22:34:21.987667+00:00,7,confirmed
99,99,30,111,2025-12-18T07:01:19.732428+00:00,8,confirmed
100,69,26,72,2025-12-09T23:18:23.894336+00:00,6,completed
101,55,30,120,2026-01-02T15:30:03.162481+00:00,7,pending
102,77,21,21,2025-12-17T08:54:02.042858+00:00,6,cancelled
103,53,28,99,2026-01-04T03:41:26.167529+00:00,6,pending
104,74,21,24,2025-12-10T08:18:35.466692+00:00,4,pending
105,62,28,92,2025-12-14T14:36:40.370115+00:00,1,completed
106,30,27,82,2025-12-30T18:35:29.841921+00:00,7,confirmed
107,21,30,118,2025-12-14T23:21:07.925846+00:00,3,pending
108,58,25,62,2025-12-25T15:39:22.603990+00:00,7,completed
109,8,21,23,2025-12-26T10:38:57.159832+00:00,5,cancelled
110,105,28,94,2025-12-30T08:09:11.236778+00:00,5,pending
111,86,27,82,2026-01-06T16:28:37.881098+00:00,7,cancelled
112,62,28,98,2025-12-10T15:08:34.901866+00:00,8,confirmed
113,82,29,108,2025-12-12T13:20:35.643342+00:00,6,cancelled
114,46,25,70,2025-12-31T03:35:17.839760+00:00,3,completed
115,25,22,35,2025-12-16T19:14:48.883076+00:00,8,completed
116,10,22,31,2026-01-01T12:42:46.141720+00:00,7,completed
117,105,28,99,2025-12-12T02:26:25.616900+00:00,7,pending
118,63,22,38,2026-01-04T02:12:54.026434+00:00,2,cancelled
119,28,28,91,2025-12-15T08:26:22.760369+00:00,5,confirmed
120,18,29,109,2026-01-06T20:15:58.371783+00:00,5,confirmed
121,61,28,94,2026-01-06T13:41:01.671432+00:00,6,pending
122,76,30,111,2025-12-25T03:32:17.873259+00:00,3,confirmed
123,25,22,33,2025-12-31T17:06:43.794429+00:00,5,completed
124,51,28,91,2026-01-04T16:36:35.460552+00:00,6,completed
125,69,26,74,2026-01-06T23:46:58.695621+00:00,2,cancelled
126,25,22,33,2025-12-10T21:36:10.615620+00:00,3,cancelled
127,89,30,113,2025-12-11T03:08:34.732559+00:00,2,confirmed
128,64,29,107,2025-12-27T20:45:31.047950+00:00,4,cancelled
129,58,25,62,2025-12-30T10:56:56.944522+00:00,2,completed
130,24,25,67,2025-12-16T20:59:13.989601+00:00,8,pending
131,72,27,85,2026-01-03T15:26:32.310890+00:00,2,confirmed
132,47,28,98,2025-12-11T22:21:54.098417+00:00,4,pending
133,98,24,56,2025-12-17T11:09:30.498693+00:00,7,completed
134,72,27,81,2025-12-17T20:12:19.806082+00:00,1,confirmed
135,57,24,59,2025-12-25T00:23:47.063593+00:00,4,confirmed
136,15,21,28,2025-12-12T15:32:18.683616+00:00,5,cancelled
137,84,25,70,2025-12-15T23:47:52.883487+00:00,1,pending
138,106,22,31,2025-12-20T17:57:14.501891+00:00,1,pending
139,79,21,30,2025-12-25T03:02:22.859378+00:00,4,confirmed
140,88,25,68,2026-01-04T12:53:55.036223+00:00,6,pending
141,106,22,40,2025-12-13T05:14:32.017814+00:00,5,completed
142,37,21,30,2025-12-16T15:52:57.975973+00:00,3,pending
143,52,30,120,2025-12-10T23:22:54.899970+00:00,2,confirmed
144,98,24,53,2025-12-27T17:29:53.176806+00:00,7,confirmed
145,85,30,114,2026-01-02T16:26:59.668545+00:00,3,confirmed
146,44,28,96,2025-12-13T20:19:13.074758+00:00,1,confirmed
147,34,22,34,2025-12-09T08:13:21.864195+00:00,6,cancelled
148,40,22,36,2025-12-22T05:34:38.482887+00:00,2,confirmed
149,81,27,85,2025-12-10T19:10:22.236590+00:00,1,completed
150,52,30,117,2025-12-18T11:35:28.250510+00:00,8,cancelled
151,107,24,59,2025-12-18T23:33:51.432298+00:00,6,completed
152,49,28,92,2026-01-03T21:27:45.261811+00:00,6,cancelled
153,51,28,95,2026-01-07T02:19:51.403620+00:00,8,pending
154,51,28,93,2025-12-25T05:06:00.966066+00:00,1,cancelled
155,93,30,117,2025-12-11T10:28:34.329395+00:00,4,pending
156,72,27,87,2025-12-31T01:55:17.777325+00:00,3,cancelled
157,49,28,92,2025-12-24T05:37:40.018985+00:00,3,completed
158,29,25,66,2025-12-18T10:14:39.305410+00:00,7,pending
159,63,22,34,2025-12-24T22:14:18.263304+00:00,4,completed
160,32,21,22,2025-12-23T04:26:50.283505+00:00,5,cancelled
161,106,22,37,2025-12-16T09:07:29.259251+00:00,8,pending
162,40,22,38,2026-01-01T13:13:56.565454+00:00,1,pending
163,44,28,97,2025-12-22T05:58:15.258953+00:00,6,completed
164,26,21,21,2025-12-24T17:49:06.472140+00:00,1,confirmed
165,28,28,99,2025-12-13T23:04:50.178300+00:00,6,completed
166,23,28,92,2026-01-06T19:58:54.128614+00:00,7,confirmed
167,75,21,23,2025-12-22T23:48:49.296696+00:00,1,pending
168,86,27,90,2025-12-27T08:52:12.860277+00:00,5,cancelled
169,53,28,91,2025-12-26T17:08:01.066257+00:00,3,confirmed
170,101,25,68,2026-01-03T03:28:00.245768+00:00,3,completed
171,80,25,62,2025-12-12T02:16:19.074553+00:00,5,confirmed
172,41,25,65,2026-01-06T15:37:13.389231+00:00,5,pending
173,103,21,26,2026-01-05T22:18:51.676175+00:00,2,completed
174,24,25,63,2025-12-16T18:46:07.497272+00:00,5,completed
175,46,25,62,2026-01-01T01:53:08.010639+00:00,4,confirmed
176,36,27,89,2025-12-29T22:45:30.559373+00:00,6,confirmed
177,75,21,30,2025-12-27T06:00:02.358020+00:00,6,pending
178,43,24,59,2026-01-06T21:14:25.873892+00:00,6,cancelled
179,32,21,25,2025-12-24T16:29:20.055431+00:00,2,cancelled
180,99,30,118,2025-12-15T07:33:32.484462+00:00,7,pending
181,58,25,69,2026-01-05T01:25:17.048823+00:00,4,pending
182,104,29,108,2026-01-04T06:16:53.806101+00:00,1,pending
183,41,25,61,2025-12-17T11:57:49.653777+00:00,6,pending
184,47,28,93,2025-12-25T20:11:34.426243+00:00,1,completed
185,90,24,58,2025-12-24T10:41:14.877341+00:00,6,confirmed
186,106,22,40,2025-12-12T11:51:13.357550+00:00,2,pending
187,75,21,21,2025-12-09T15:45:59.637655+00:00,7,pending
188,88,25,63,2025-12-29T13:40:57.399544+00:00,6,confirmed
189,80,25,65,2025-12-18T00:43:55.195171+00:00,1,completed
190,88,25,70,2025-12-17T00:40:23.203888+00:00,5,confirmed
191,24,25,62,2025-12-20T18:16:16.244156+00:00,4,completed
192,92,27,83,2025-12-14T23:36:48.313586+00:00,8,confirmed
193,17,26,77,2026-01-01T01:05:53.132255+00:00,4,confirmed
194,35,24,51,2025-12-10T07:29:58.224909+00:00,6,pending
195,67,21,23,2025-12-16T11:54:56.868111+00:00,1,completed
196,67,21,24,2025-12-10T02:56:08.038543+00:00,4,cancelled
197,32,21,26,2026-01-06T10:37:46.019725+00:00,4,completed
198,59,25,65,2025-12-14T01:36:34.540274+00:00,4,confirmed
199,56,26,72,2025-12-10T08:05:50.832120+00:00,7,completed
200,88,25,68,2026-01-04T02:40:31.088583+00:00,8,completed
201,48,22,39,2026-01-03T10:54:42.613687+00:00,8,cancelled
202,81,27,86,2025-12-17T04:28:12.881646+00:00,4,cancelled
203,98,24,59,2025-12-10T19:12:48.743766+00:00,5,completed
204,51,28,96,2026-01-06T21:28:52.904524+00:00,6,cancelled
205,17,26,75,2026-01-06T15:21:13.425148+00:00,8,pending
206,40,22,38,2025-12-27T08:54:04.068471+00:00,5,completed
207,84,25,70,2025-12-25T17:54:45.044157+00:00,8,confirmed
208,99,30,118,2025-12-17T21:20:11.239409+00:00,6,pending
209,103,21,30,2025-12-10T08:27:51.627305+00:00,6,cancelled
210,75,21,26,2025-12-15T05:29:36.706442+00:00,2,confirmed
211,77,21,29,2026-01-05T09:14:46.846526+00:00,1,pending
212,8,21,21,2025-12-23T11:37:48.245033+00:00,3,completed
213,23,28,94,2026-01-04T03:10:28.510699+00:00,3,cancelled
214,81,27,89,2025-12-19T03:08:49.729357+00:00,7,confirmed
215,95,27,84,2026-01-01T20:01:17.852283+00:00,4,completed
216,61,28,96,2025-12-17T13:03:50.609873+00:00,5,completed
217,24,25,62,2026-01-02T02:45:19.420018+00:00,5,pending
218,57,24,59,2026-01-03T03:29:31.236630+00:00,6,completed
219,22,27,85,2025-12-27T20:49:05.587609+00:00,6,completed
220,76,30,114,2025-12-09T06:58:19.591474+00:00,8,confirmed
221,13,23,48,2025-12-22T10:31:03.808615+00:00,1,confirmed
222,12,30,117,2025-12-18T09:56:05.766099+00:00,6,completed
223,59,25,61,2025-12-18T14:37:37.578415+00:00,3,confirmed
224,11,25,66,2025-12-22T05:21:56.067066+00:00,2,cancelled
225,107,24,51,2025-12-29T12:25:17.978751+00:00,6,cancelled
226,34,22,35,2026-01-04T11:48:01.265846+00:00,6,pending
227,90,24,51,2025-12-19T09:45:07.771388+00:00,2,cancelled
228,59,25,70,2025-12-16T08:45:11.121768+00:00,5,confirmed
229,103,21,27,2025-12-24T17:12:43.066203+00:00,5,completed
230,37,21,22,2025-12-27T06:13:28.220156+00:00,1,cancelled
231,26,21,26,2025-12-22T06:55:04.895882+00:00,8,pending
232,8,21,24,2026-01-05T22:19:28.546868+00:00,1,pending
233,58,25,65,2025-12-12T16:30:26.063668+00:00,8,pending
234,17,26,71,2025-12-21T14:33:52.263449+00:00,2,completed
235,13,23,44,2025-12-10T11:31:03.464738+00:00,7,completed
236,54,24,51,2025-12-25T01:22:23.781418+00:00,1,cancelled
237,94,26,76,2025-12-27T23:57:49.252620+00:00,8,confirmed
238,15,21,24,2025-12-23T23:31:55.808857+00:00,2,pending
239,95,27,86,2025-12-17T20:31:54.271467+00:00,8,confirmed
240,67,21,22,2025-12-21T04:02:35.023350+00:00,4,completed
241,107,24,57,2025-12-28T06:33:15.428720+00:00,3,completed
242,27,30,120,2025-12-22T06:15:36.472121+00:00,3,completed
243,74,21,29,2025-12-12T08:23:45.016695+00:00,2,completed
244,17,26,78,2025-12-10T03:08:56.688115+00:00,7,cancelled
245,39,25,62,2025-12-14T14:13:14.621225+00:00,4,confirmed
246,60,24,51,2025-12-18T03:04:23.909282+00:00,1,completed
247,96,22,37,2025-12-22T07:40:16.623739+00:00,3,completed
248,30,27,87,2025-12-10T16:28:06.021106+00:00,6,pending
249,103,21,26,2025-12-30T10:41:42.804749+00:00,1,pending
250,104,29,101,2025-12-26T08:49:06.978462+00:00,8,completed
251,21,30,115,2026-01-03T03:53:03.739786+00:00,7,pending
252,88,25,68,2026-01-05T16:37:40.282028+00:00,8,cancelled
253,103,21,30,2026-01-01T16:46:57.650230+00:00,1,confirmed
254,39,25,65,2025-12-18T14:33:23.961208+00:00,7,cancelled
255,93,30,120,2025-12-24T10:17:35.360185+00:00,8,confirmed
256,28,28,99,2025-12-11T04:01:04.246361+00:00,7,cancelled
257,13,23,41,2025-12-19T12:29:00.941534+00:00,6,completed
258,40,22,38,2026-01-03T00:30:20.207133+00:00,6,pending
259,55,30,113,2025-12-24T20:53:51.878311+00:00,6,confirmed
260,10,22,39,2025-12-27T03:45:58.837600+00:00,2,cancelled
261,20,25,66,2025-12-30T01:27:00.901599+00:00,2,confirmed
262,30,27,87,2025-12-29T14:22:40.501852+00:00,4,cancelled
263,26,21,25,2025-12-16T06:47:07.527242+00:00,6,pending
264,98,24,55,2026-01-01T17:40:08.787306+00:00,7,completed
265,64,29,104,2026-01-04T17:55:11.302047+00:00,6,confirmed
266,18,29,101,2026-01-06T02:16:39.078767+00:00,7,pending
267,26,21,23,2025-12-20T14:19:23.380772+00:00,3,confirmed
268,50,28,97,2026-01-02T00:34:15.897446+00:00,3,pending
269,35,24,52,2025-12-11T10:19:02.292193+00:00,3,completed
270,87,22,33,2025-12-22T09:28:07.276605+00:00,8,cancelled
271,26,21,27,2025-12-19T00:19:56.673030+00:00,5,confirmed
272,44,28,100,2025-12-27T04:11:26.791750+00:00,2,completed
273,38,21,28,2026-01-02T09:07:11.534104+00:00,7,cancelled
274,91,24,60,2025-12-14T19:11:04.113079+00:00,4,pending
275,18,29,108,2025-12-28T05:29:29.306064+00:00,5,pending
276,75,21,21,2025-12-16T20:45:59.481170+00:00,1,pending
277,75,21,27,2025-12-21T22:55:22.814010+00:00,4,confirmed
278,85,30,116,2025-12-18T05:00:39.093626+00:00,2,pending
279,84,25,68,2025-12-28T04:17:28.711097+00:00,5,pending
280,77,21,22,2025-12-29T08:15:56.930838+00:00,3,confirmed
281,23,28,100,2025-12-25T14:24:50.113255+00:00,1,cancelled
282,91,24,56,2025-12-19T22:40:28.728620+00:00,3,confirmed
283,60,24,58,2025-12-18T16:45:10.309127+00:00,2,pending
284,79,21,21,2025-12-11T06:25:38.095154+00:00,4,cancelled
285,67,21,26,2026-01-05T03:03:48.593525+00:00,5,pending
286,31,28,96,2025-12-27T03:39:34.711642+00:00,4,pending
287,74,21,27,2025-12-29T11:41:08.044472+00:00,7,pending
288,104,29,103,2025-12-15T12:22:28.499286+00:00,2,confirmed
289,55,30,112,2025-12-27T02:58:29.559647+00:00,5,completed
290,45,25,69,2025-12-14T04:55:21.470228+00:00,8,confirmed
291,8,21,29,2025-12-16T05:04:24.477902+00:00,2,cancelled
292,101,25,68,2025-12-29T18:35:59.880104+00:00,7,confirmed
293,98,24,53,2025-12-16T22:53:09.763674+00:00,2,confirmed
294,44,28,99,2025-12-16T10:07:16.312452+00:00,2,cancelled
295,50,28,100,2025-12-17T01:25:23.408164+00:00,3,completed
296,22,27,86,2025-12-17T17:14:47.996253+00:00,5,completed
297,8,21,29,2026-01-02T22:02:45.672688+00:00,2,confirmed
298,88,25,62,2025-12-30T22:28:09.888806+00:00,4,pending
299,45,25,66,2025-12-26T04:51:34.660204+00:00,2,confirmed
300,71,22,33,2026-01-01T12:11:12.338259+00:00,6,completed
301,14,22,32,2025-12-22T00:38:01.714595+00:00,7,completed
302,51,28,93,2025-12-25T11:50:31.409698+00:00,3,confirmed
303,74,21,23,2025-12-23T12:23:13.948263+00:00,8,pending
304,46,25,69,2026-01-07T05:35:15.491018+00:00,1,pending
305,33,22,40,2025-12-28T12:32:16.154174+00:00,7,cancelled
306,59,25,63,2025-12-20T06:58:08.841150+00:00,8,completed
307,24,25,70,2025-12-25T02:43:48.582684+00:00,2,completed
308,101,25,62,2025-12-19T02:38:22.642981+00:00,2,cancelled
309,21,30,120,2025-12-17T12:41:19.673270+00:00,1,pending
310,20,25,70,2025-12-19T15:14:42.345550+00:00,7,pending
311,23,28,92,2025-12-13T14:51:22.696558+00:00,2,confirmed
312,93,30,117,2026-01-02T08:46:11.271203+00:00,4,confirmed
313,40,22,38,2025-12-27T17:36:17.068934+00:00,2,completed
314,81,27,89,2025-12-13T20:02:44.624393+00:00,3,completed
315,70,22,35,2025-12-10T04:17:30.071635+00:00,2,pending
316,16,23,45,2025-12-25T05:13:02.703608+00:00,5,pending
317,62,28,99,2026-01-02T06:48:17.458059+00:00,2,pending
318,52,30,119,2026-01-06T09:58:47.627798+00:00,3,completed
319,68,26,72,2025-12-10T12:38:24.634847+00:00,8,cancelled
320,11,25,70,2026-01-03T12:43:34.841893+00:00,8,pending
321,37,21,29,2026-01-06T14:13:46.460504+00:00,6,completed
322,90,24,53,2025-12-30T16:53:51.794225+00:00,3,completed
323,16,23,45,2025-12-29T17:53:57.513801+00:00,8,pending
324,19,26,78,2025-12-24T04:11:55.738927+00:00,8,cancelled
325,9,30,113,2025-12-17T21:56:59.259617+00:00,3,pending
326,89,30,114,2025-12-30T11:54:25.308506+00:00,6,confirmed
327,76,30,119,2026-01-07T03:26:07.394756+00:00,5,completed
328,55,30,114,2026-01-01T09:18:27.646040+00:00,5,cancelled
329,52,30,114,2026-01-06T08:16:59.522536+00:00,4,cancelled
330,56,26,71,2025-12-17T09:20:34.461929+00:00,5,pending
331,76,30,112,2026-01-01T19:27:40.665864+00:00,8,confirmed
332,9,30,113,2025-12-15T14:58:11.195373+00:00,7,pending
333,56,26,80,2025-12-19T00:35:57.477456+00:00,4,pending
334,98,24,54,2025-12-24T03:48:12.472546+00:00,4,confirmed
335,56,26,78,2025-12-11T23:23:32.800910+00:00,3,cancelled
336,52,30,113,2025-12-15T21:04:31.672731+00:00,1,confirmed
337,78,22,38,2026-01-04T19:53:09.498674+00:00,1,cancelled
338,17,26,75,2025-12-15T18:11:25.614357+00:00,1,pending
339,83,27,81,2025-12-31T01:17:39.999617+00:00,6,completed
340,54,24,56,2025-12-14T19:39:39.660022+00:00,4,pending
341,77,21,28,2025-12-09T21:47:46.267236+00:00,5,confirmed
342,23,28,98,2025-12-29T20:17:59.163610+00:00,3,completed
343,95,27,83,2026-01-02T07:02:28.651464+00:00,7,pending
344,107,24,58,2025-12-12T06:15:24.513772+00:00,4,cancelled
345,97,28,93,2025-12-21T21:17:40.710961+00:00,5,cancelled
346,20,25,68,2025-12-16T08:12:47.704718+00:00,1,confirmed
347,67,21,22,2025-12-26T08:04:17.011487+00:00,8,pending
348,94,26,76,2025-12-15T00:36:56.056790+00:00,6,cancelled
349,92,27,88,2025-12-14T19:38:44.990477+00:00,1,cancelled
350,99,30,117,2025-12-09T07:10:15.784085+00:00,1,completed
351,71,22,35,2026-01-03T01:52:44.463254+00:00,4,cancelled
352,16,23,46,2025-12-17T03:05:22.207063+00:00,8,completed
353,60,24,56,2025-12-25T10:58:54.306276+00:00,4,pending
354,45,25,64,2025-12-29T14:56:11.436071+00:00,4,cancelled
355,49,28,100,2025-12-19T22:47:39.923701+00:00,4,completed
356,86,27,87,2025-12-24T21:57:50.921948+00:00,7,completed
357,101,25,69,2025-12-27T07:15:14.942208+00:00,8,completed
358,101,25,61,2025-12-18T09:54:57.406700+00:00,4,confirmed
359,102,26,72,2025-12-14T18:54:43.676373+00:00,4,completed
360,10,22,31,2025-12-22T03:41:31.311485+00:00,7,cancelled
361,63,22,37,2025-12-31T13:13:48.393722+00:00,2,completed
362,68,26,80,2025-12-14T09:00:52.599960+00:00,5,completed
363,55,30,115,2025-12-17T17:12:48.737427+00:00,6,completed
364,81,27,84,2025-12-26T08:53:52.868326+00:00,7,completed
365,39,25,63,2026-01-01T21:05:30.307962+00:00,3,cancelled
366,90,24,54,2025-12-29T19:02:00.364713+00:00,7,pending
367,37,21,26,2026-01-01T19:57:22.013841+00:00,5,completed
368,8,21,29,2025-12-26T20:34:29.731113+00:00,7,cancelled
369,95,27,90,2026-01-01T01:30:26.152665+00:00,2,cancelled
370,32,21,29,2025-12-20T22:00:25.781140+00:00,8,pending
371,15,21,23,2025-12-30T00:37:14.932047+00:00,7,confirmed
372,40,22,33,2025-12-11T10:34:47.450408+00:00,5,pending
373,64,29,110,2025-12-16T02:45:41.280047+00:00,1,cancelled
374,28,28,96,2026-01-05T12:59:25.641012+00:00,7,pending
375,101,25,66,2025-12-25T18:35:53.517730+00:00,1,confirmed
376,46,25,70,2025-12-31T22:58:48.136374+00:00,7,confirmed
377,57,24,56,2026-01-04T18:06:16.616294+00:00,3,pending
378,82,29,102,2025-12-26T13:44:54.725653+00:00,2,completed
379,48,22,35,2025-12-22T19:08:00.132028+00:00,5,completed
380,60,24,58,2025-12-22T16:28:34.530734+00:00,1,cancelled
381,48,22,38,2025-12-27T18:21:18.837355+00:00,8,pending
382,20,25,70,2025-12-20T20:22:52.470243+00:00,2,cancelled
383,105,28,91,2026-01-01T16:34:39.099730+00:00,3,completed
384,57,24,52,2026-01-01T14:31:50.452394+00:00,6,confirmed
385,10,22,32,2025-12-26T15:07:58.636899+00:00,7,cancelled
386,91,24,51,2025-12-29T16:14:50.584224+00:00,2,cancelled
387,88,25,61,2026-01-03T08:42:21.454920+00:00,4,cancelled
388,14,22,40,2025-12-11T18:47:25.992297+00:00,6,cancelled
389,10,22,36,2026-01-05T11:40:46.108895+00:00,4,cancelled
390,32,21,27,2025-12-19T07:29:31.902198+00:00,2,confirmed
391,76,30,111,2025-12-23T15:15:22.342629+00:00,6,confirmed
392,64,29,109,2025-12-19T00:47:54.371993+00:00,7,confirmed
393,80,25,65,2025-12-16T13:07:55.175940+00:00,5,completed
394,28,28,98,2025-12-23T13:47:14.991655+00:00,6,cancelled
395,15,21,21,2025-12-19T09:10:22.722580+00:00,5,completed
396,77,21,29,2025-12-30T12:09:51.782612+00:00,1,cancelled
397,58,25,63,2025-12-20T09:40:50.547561+00:00,7,confirmed
398,74,21,21,2025-12-19T15:39:13.395107+00:00,2,pending
399,95,27,81,2025-12-23T02:59:58.087780+00:00,8,completed
400,97,28,95,2025-12-26T22:01:11.574422+00:00,2,cancelled
401,62,26,79,2025-12-22T14:00:19.035279+00:00,1,PENDING
402,69,29,105,2025-12-27T14:00:19.081502+00:00,3,PENDING
403,71,23,50,2025-12-13T15:00:19.097510+00:00,1,PENDING
404,85,25,70,2025-12-15T16:00:19.123808+00:00,6,PENDING
405,20,21,25,2025-12-19T13:00:19.161162+00:00,1,PENDING
406,44,23,42,2025-12-28T15:00:19.216025+00:00,5,PENDING
407,72,22,36,2025-12-16T14:00:19.259931+00:00,4,PENDING
408,61,29,103,2025-12-12T16:00:19.277005+00:00,3,PENDING
409,35,30,113,2025-12-18T13:00:19.289662+00:00,5,PENDING
410,27,22,33,2025-12-15T14:00:19.307718+00:00,5,PENDING
411,28,26,73,2025-12-14T16:00:19.332296+00:00,4,PENDING
412,55,24,57,2025-12-17T16:00:19.370696+00:00,1,PENDING
413,51,26,78,2025-12-27T16:00:19.393424+00:00,5,PENDING
414,24,27,86,2025-12-09T14:00:19.411333+00:00,5,PENDING
415,103,26,75,2025-12-28T13:00:19.422122+00:00,2,PENDING
416,90,22,40,2025-12-23T15:00:19.439536+00:00,2,PENDING
417,36,21,29,2025-12-16T14:00:19.456054+00:00,3,PENDING
418,37,24,53,2025-12-09T14:00:19.477341+00:00,3,PENDING
419,95,21,29,2025-12-24T15:00:19.496053+00:00,4,PENDING
420,101,24,58,2025-12-11T14:00:19.513743+00:00,3,PENDING
421,46,30,111,2025-12-10T15:00:19.524585+00:00,3,PENDING
422,20,26,80,2025-12-11T14:00:19.544067+00:00,5,PENDING
423,104,27,88,2025-12-25T14:00:19.563657+00:00,6,PENDING
424,3,28,92,2025-12-22T16:00:19.583289+00:00,2,PENDING
425,85,24,51,2025-12-21T16:00:19.601500+00:00,4,PENDING
426,83,21,25,2025-12-18T13:00:19.619768+00:00,6,PENDING
427,2,30,114,2025-12-14T14:00:19.637704+00:00,3,PENDING
428,101,27,86,2025-12-16T16:00:19.651171+00:00,2,PENDING
429,29,30,112,2025-12-18T15:00:19.669530+00:00,4,PENDING
430,18,25,63,2025-12-09T13:00:19.688292+00:00,6,PENDING
431,25,24,52,2025-12-16T15:00:19.707494+00:00,2,PENDING
432,88,27,90,2025-12-14T13:00:19.732023+00:00,4,PENDING
433,80,25,64,2025-12-22T14:00:19.755326+00:00,4,PENDING
434,53,30,115,2025-12-24T14:00:19.774414+00:00,1,PENDING
435,46,25,64,2025-12-10T15:00:19.787036+00:00,4,PENDING
436,3,22,39,2025-12-21T15:00:19.805923+00:00,4,PENDING
437,45,23,43,2025-12-17T14:00:19.824893+00:00,3,PENDING
438,46,26,79,2025-12-19T15:00:19.845943+00:00,3,PENDING
439,30,30,120,2025-12-13T15:00:19.861272+00:00,1,PENDING
440,87,28,94,2025-12-28T13:00:19.875388+00:00,5,PENDING
441,35,26,78,2025-12-10T15:00:19.888469+00:00,4,PENDING
442,76,30,120,2025-12-09T15:00:19.915693+00:00,3,PENDING
443,42,26,72,2025-12-22T13:00:19.940655+00:00,5,PENDING
444,38,25,65,2025-12-18T15:00:19.952367+00:00,1,PENDING
445,76,25,68,2025-12-22T15:00:19.970293+00:00,2,PENDING
446,36,28,100,2025-12-27T13:00:19.994723+00:00,4,PENDING
447,107,21,27,2025-12-16T16:00:20.013099+00:00,1,PENDING
448,25,22,31,2025-12-15T14:00:20.032676+00:00,2,PENDING
449,47,21,26,2025-12-14T14:00:20.047327+00:00,6,PENDING
450,33,29,101,2025-12-18T14:00:20.061721+00:00,2,PENDING
451,3,26,79,2025-12-22T16:00:20.086680+00:00,6,PENDING
452,70,26,79,2025-12-10T15:00:20.121402+00:00,2,PENDING
453,91,26,72,2025-12-10T13:00:20.148494+00:00,6,PENDING
454,27,25,61,2025-12-09T14:00:20.170312+00:00,2,PENDING
455,83,21,21,2025-12-11T15:00:20.182780+00:00,4,PENDING
456,70,27,84,2025-12-09T14:00:20.201114+00:00,6,PENDING
457,51,26,73,2025-12-28T15:00:20.218941+00:00,1,PENDING
458,90,21,23,2025-12-20T15:00:20.245784+00:00,3,PENDING
459,4,25,69,2025-12-20T13:00:20.256892+00:00,1,PENDING
460,33,27,81,2025-12-21T16:00:20.277879+00:00,1,PENDING
461,70,22,34,2025-12-28T15:00:20.288536+00:00,4,PENDING
462,28,25,68,2025-12-23T16:00:20.313052+00:00,1,PENDING
463,65,30,116,2025-12-17T14:00:20.326003+00:00,1,PENDING
464,60,23,49,2025-12-09T14:00:20.341830+00:00,5,PENDING
465,60,27,83,2025-12-17T15:00:20.358149+00:00,3,PENDING
466,67,27,89,2025-12-21T13:00:20.386482+00:00,6,PENDING
467,100,25,68,2025-12-21T15:00:20.412258+00:00,5,PENDING
468,26,30,119,2025-12-12T15:00:20.432028+00:00,1,PENDING
469,25,27,83,2025-12-14T16:00:20.456486+00:00,4,PENDING
470,62,25,68,2025-12-19T16:00:20.489654+00:00,2,PENDING
471,43,21,21,2025-12-20T13:00:20.511539+00:00,1,PENDING
472,15,21,22,2025-12-28T16:00:20.523690+00:00,6,PENDING
473,102,26,79,2025-12-26T14:00:20.545241+00:00,6,PENDING
474,55,21,21,2025-12-17T16:00:20.566116+00:00,4,PENDING
475,25,24,55,2025-12-27T15:00:20.584112+00:00,3,PENDING
476,96,25,64,2025-12-10T16:00:20.601845+00:00,5,PENDING
477,92,29,106,2025-12-19T13:00:20.622155+00:00,1,PENDING
478,54,28,100,2025-12-22T15:00:20.650261+00:00,3,PENDING
479,101,26,78,2025-12-25T16:00:20.691693+00:00,3,PENDING
480,43,30,115,2025-12-12T16:00:20.714870+00:00,1,PENDING
481,64,22,39,2025-12-12T13:00:20.734223+00:00,1,PENDING
482,35,30,118,2025-12-18T15:00:20.757866+00:00,2,PENDING
483,24,25,69,2025-12-13T14:00:20.783620+00:00,3,PENDING
484,100,25,62,2025-12-17T14:00:20.813724+00:00,4,PENDING
485,75,27,88,2025-12-09T15:00:20.837726+00:00,6,PENDING
486,107,21,23,2025-12-12T13:00:20.888282+00:00,3,PENDING
487,15,24,54,2025-12-20T15:00:20.912068+00:00,6,PENDING
488,21,23,48,2025-12-13T15:00:20.955959+00:00,2,PENDING
489,18,26,72,2025-12-17T13:00:20.976793+00:00,3,PENDING
490,58,24,54,2025-12-25T16:00:20.992021+00:00,5,PENDING
491,40,30,115,2025-12-19T16:00:21.007607+00:00,2,PENDING
492,11,26,75,2025-12-23T16:00:21.018572+00:00,6,PENDING
493,32,24,55,2025-12-09T13:00:21.036012+00:00,1,PENDING
494,14,25,70,2025-12-28T13:00:21.047479+00:00,4,PENDING
495,20,30,120,2025-12-19T16:00:21.057912+00:00,6,PENDING
496,76,24,59,2025-12-28T13:00:21.081639+00:00,4,PENDING
497,87,23,48,2025-12-17T16:00:21.093074+00:00,2,PENDING
498,31,22,40,2025-12-11T13:00:21.104507+00:00,6,PENDING
499,98,25,68,2025-12-28T15:00:21.128113+00:00,1,PENDING
500,72,30,115,2025-12-12T15:00:21.153157+00:00,5,PENDING
501,95,29,107,2025-12-10T15:00:21.165649+00:00,4,PENDING
502,83,28,100,2025-12-09T13:00:21.185687+00:00,5,PENDING
503,76,28,96,2025-12-14T14:00:21.198501+00:00,6,PENDING
504,59,23,47,2025-12-14T13:00:21.211297+00:00,6,PENDING
505,92,25,67,2025-12-21T13:00:21.223619+00:00,4,PENDING
506,54,28,93,2025-12-17T13:00:21.242639+00:00,1,PENDING
507,85,27,90,2025-12-09T14:00:21.260392+00:00,2,PENDING
508,72,26,78,2025-12-27T14:00:21.290048+00:00,6,PENDING
509,76,21,28,2025-12-23T14:00:21.316731+00:00,1,PENDING
510,98,28,97,2025-12-28T14:00:21.334124+00:00,3,PENDING
511,64,30,115,2025-12-19T13:00:21.347165+00:00,6,PENDING
512,74,29,105,2025-12-19T16:00:21.368756+00:00,4,PENDING
513,101,27,88,2025-12-26T13:00:21.386708+00:00,1,PENDING
514,14,29,110,2025-12-13T16:00:21.408364+00:00,6,PENDING
515,91,25,68,2025-12-25T14:00:21.421753+00:00,2,PENDING
516,102,25,61,2025-12-18T15:00:21.452613+00:00,5,PENDING
517,78,30,112,2025-12-23T15:00:21.469825+00:00,5,PENDING
518,46,23,41,2025-12-19T16:00:21.490587+00:00,1,PENDING
519,74,23,50,2025-12-20T15:00:21.513410+00:00,2,PENDING
520,103,26,71,2025-12-19T14:00:21.540721+00:00,2,PENDING
521,2,23,41,2025-12-13T14:00:21.557555+00:00,2,PENDING
522,103,22,35,2025-12-24T13:00:21.580641+00:00,4,PENDING
523,10,28,99,2025-12-12T14:00:21.592453+00:00,2,PENDING
524,42,28,94,2025-12-19T13:00:21.617336+00:00,4,PENDING
525,24,30,120,2025-12-28T13:00:21.637207+00:00,6,PENDING
526,68,25,64,2025-12-18T15:00:21.649839+00:00,2,PENDING
527,30,28,97,2025-12-16T16:00:21.662702+00:00,2,PENDING
528,65,21,21,2025-12-26T15:00:21.690214+00:00,2,PENDING
529,63,30,116,2025-12-22T16:00:21.709071+00:00,5,PENDING
530,97,27,84,2025-12-17T15:00:21.733521+00:00,4,PENDING
531,73,30,116,2025-12-13T13:00:21.763466+00:00,3,PENDING
532,1,22,31,2025-12-21T14:00:21.777007+00:00,2,PENDING
533,33,29,102,2025-12-20T13:00:21.800872+00:00,2,PENDING
534,85,29,107,2025-12-22T16:00:21.814487+00:00,6,PENDING
535,88,25,61,2025-12-24T16:00:21.834737+00:00,6,PENDING
536,81,22,36,2025-12-19T13:00:21.852025+00:00,1,PENDING
537,2,23,44,2025-12-12T16:00:21.874984+00:00,1,PENDING
538,46,22,34,2025-12-13T14:00:21.895034+00:00,3,PENDING
539,54,24,51,2025-12-13T13:00:21.907605+00:00,1,PENDING
540,15,23,45,2025-12-14T13:00:21.920039+00:00,2,PENDING
541,50,28,91,2025-12-17T14:00:21.944297+00:00,1,PENDING
542,42,30,116,2025-12-13T15:00:21.970788+00:00,6,PENDING
543,65,27,81,2025-12-22T13:00:21.994294+00:00,2,PENDING
544,33,30,114,2025-12-11T16:00:22.009142+00:00,4,PENDING
545,32,29,107,2025-12-15T16:00:22.021498+00:00,1,PENDING
546,101,29,103,2025-12-22T14:00:22.032800+00:00,1,PENDING
547,24,30,111,2025-12-25T15:00:22.050469+00:00,6,PENDING
548,36,25,70,2025-12-15T13:00:22.061445+00:00,2,PENDING
549,50,22,37,2025-12-13T15:00:22.085370+00:00,1,PENDING
550,19,25,63,2025-12-09T14:00:22.096704+00:00,4,PENDING
551,97,21,25,2025-12-27T15:00:22.115482+00:00,1,PENDING
552,51,30,115,2025-12-14T13:00:22.148662+00:00,2,PENDING
553,62,23,43,2025-12-28T15:00:22.168711+00:00,3,PENDING
554,70,27,84,2025-12-11T14:00:22.180261+00:00,2,PENDING
555,27,26,78,2025-12-16T16:00:22.206049+00:00,3,PENDING
556,32,25,62,2025-12-18T13:00:22.235380+00:00,5,PENDING
557,13,28,94,2025-12-14T13:00:22.258567+00:00,6,PENDING
558,56,23,49,2025-12-23T14:00:22.276097+00:00,2,PENDING
559,36,27,82,2025-12-16T14:00:22.287266+00:00,6,PENDING
560,35,23,49,2025-12-15T14:00:22.300056+00:00,6,PENDING
561,16,25,67,2025-12-19T13:00:22.317683+00:00,5,PENDING
562,39,25,66,2025-12-16T14:00:22.331051+00:00,2,PENDING
563,1,22,36,2025-12-10T16:00:22.350319+00:00,6,PENDING
564,25,27,89,2025-12-27T15:00:22.369282+00:00,1,PENDING
565,63,22,33,2025-12-09T14:00:22.393367+00:00,4,PENDING
566,39,29,102,2025-12-23T16:00:22.410549+00:00,3,PENDING
567,28,26,71,2025-12-23T14:00:22.421887+00:00,2,PENDING
568,36,28,98,2025-12-21T15:00:22.439776+00:00,1,PENDING
569,33,28,96,2025-12-12T16:00:22.463669+00:00,2,PENDING
570,44,30,119,2025-12-23T15:00:22.475368+00:00,2,PENDING
571,28,30,111,2025-12-17T16:00:22.500619+00:00,5,PENDING
572,17,22,38,2025-12-28T15:00:22.516483+00:00,5,PENDING
573,26,24,60,2025-12-17T14:00:22.527660+00:00,4,PENDING
574,16,22,39,2025-12-27T15:00:22.552037+00:00,1,PENDING
575,34,27,86,2025-12-26T13:00:22.577363+00:00,1,PENDING
576,88,28,94,2025-12-13T13:00:22.599201+00:00,4,PENDING
577,63,30,115,2025-12-15T14:00:22.615665+00:00,1,PENDING
578,74,21,29,2025-12-27T13:00:22.639211+00:00,5,PENDING
579,4,22,38,2025-12-18T14:00:22.665411+00:00,4,PENDING
580,87,23,45,2025-12-28T15:00:22.683701+00:00,6,PENDING
581,65,25,62,2025-12-20T15:00:22.702878+00:00,2,PENDING
582,102,23,43,2025-12-16T14:00:22.722496+00:00,2,PENDING
583,59,25,65,2025-12-21T16:00:22.748350+00:00,2,PENDING
584,103,21,28,2025-12-09T13:00:22.765625+00:00,4,PENDING
585,61,29,101,2025-12-17T13:00:22.790444+00:00,1,PENDING
586,52,30,118,2025-12-12T16:00:22.811366+00:00,6,PENDING
587,52,22,35,2025-12-26T13:00:22.824119+00:00,3,PENDING
588,77,26,71,2025-12-11T13:00:22.836300+00:00,2,PENDING
589,24,26,77,2025-12-26T16:00:22.853446+00:00,2,PENDING
590,86,25,67,2025-12-23T15:00:22.865068+00:00,6,PENDING
591,90,28,100,2025-12-23T16:00:22.885780+00:00,6,PENDING
592,26,30,119,2025-12-09T13:00:22.905823+00:00,5,PENDING
593,38,23,48,2025-12-22T16:00:22.944680+00:00,6,PENDING
594,38,24,56,2025-12-10T15:00:22.974052+00:00,5,PENDING
595,26,25,65,2025-12-15T14:00:22.996619+00:00,5,PENDING
596,45,23,47,2025-12-18T16:00:23.014321+00:00,1,PENDING
597,2,26,77,2025-12-13T13:00:23.035059+00:00,4,PENDING
598,85,27,81,2025-12-18T15:00:23.055406+00:00,3,PENDING
599,37,27,86,2025-12-25T15:00:23.074332+00:00,4,PENDING
600,26,23,50,2025-12-17T13:00:23.093508+00:00,4,PENDING
601,35,24,57,2025-12-26T06:40:46.077667+00:00,5,PENDING
602,7,25,64,2025-12-26T06:40:46.102478+00:00,3,PENDING
603,51,24,51,2025-12-16T06:40:46.120826+00:00,5,PENDING
604,19,27,81,2025-12-10T06:40:46.138447+00:00,3,PENDING
605,43,24,60,2025-12-12T06:40:46.158791+00:00,5,PENDING
606,32,26,76,2025-12-28T06:40:46.185836+00:00,6,PENDING
607,57,28,91,2025-12-13T06:40:46.206287+00:00,1,PENDING
608,56,25,68,2025-12-11T06:40:46.217808+00:00,6,PENDING
609,49,21,22,2025-12-17T06:40:46.243899+00:00,2,PENDING
610,91,29,108,2025-12-15T06:40:46.262127+00:00,3,PENDING
611,74,27,84,2025-12-14T06:40:46.274234+00:00,1,PENDING
612,41,24,54,2025-12-27T06:40:46.293985+00:00,5,PENDING
613,43,28,99,2025-12-16T06:40:46.305074+00:00,5,PENDING
614,85,25,67,2025-12-20T06:40:46.322496+00:00,2,PENDING
615,61,22,35,2025-12-10T06:40:46.333904+00:00,3,PENDING
616,53,23,44,2025-12-26T06:40:46.351345+00:00,2,PENDING
617,95,27,87,2025-12-16T06:40:46.382636+00:00,3,PENDING
618,47,30,115,2025-12-27T06:40:46.398240+00:00,5,PENDING
619,3,23,42,2025-12-10T06:40:46.425542+00:00,1,PENDING
620,92,30,115,2025-12-18T06:40:46.443376+00:00,2,PENDING
621,2,29,108,2025-12-25T06:40:46.457350+00:00,3,PENDING
622,10,26,75,2025-12-27T06:40:46.467960+00:00,1,PENDING
623,89,30,111,2025-12-09T06:40:46.493720+00:00,3,PENDING
624,71,27,89,2025-12-12T06:40:46.522570+00:00,6,PENDING
625,95,25,66,2025-12-10T06:40:46.542646+00:00,4,PENDING
626,78,26,73,2025-12-27T06:40:46.566427+00:00,5,PENDING
627,18,26,75,2025-12-23T06:40:46.591063+00:00,1,PENDING
628,50,30,119,2025-12-24T06:40:46.608512+00:00,3,PENDING
629,85,29,103,2025-12-23T06:40:46.632395+00:00,1,PENDING
630,73,27,82,2025-12-19T06:40:46.666624+00:00,1,PENDING
631,50,25,66,2025-12-09T06:40:46.692974+00:00,6,PENDING
632,74,21,30,2025-12-26T06:40:46.736833+00:00,5,PENDING
633,20,26,73,2025-12-10T06:40:46.765467+00:00,1,PENDING
634,104,24,54,2025-12-28T06:40:46.788081+00:00,3,PENDING
635,27,30,114,2025-12-20T06:40:46.805826+00:00,1,PENDING
636,7,22,35,2025-12-18T06:40:46.826818+00:00,1,PENDING
637,12,27,90,2025-12-18T06:40:46.858665+00:00,1,PENDING
638,101,24,55,2025-12-11T06:40:46.883569+00:00,3,PENDING
639,94,22,38,2025-12-10T06:40:46.920206+00:00,2,PENDING
640,97,23,49,2025-12-16T06:40:46.936522+00:00,6,PENDING
641,21,23,41,2025-12-11T06:40:46.950791+00:00,2,PENDING
642,63,23,50,2025-12-23T06:40:46.984746+00:00,5,PENDING
643,16,26,80,2025-12-13T06:40:47.009721+00:00,2,PENDING
644,40,25,69,2025-12-10T06:40:47.032866+00:00,5,PENDING
645,48,27,86,2025-12-19T06:40:47.058557+00:00,2,PENDING
646,4,28,96,2025-12-19T06:40:47.073417+00:00,4,PENDING
647,19,23,49,2025-12-16T06:40:47.092447+00:00,4,PENDING
648,102,21,25,2025-12-09T06:40:47.108026+00:00,1,PENDING
649,75,25,65,2025-12-23T06:40:47.128843+00:00,4,PENDING
650,96,25,69,2025-12-11T06:40:47.148510+00:00,2,PENDING
651,89,22,35,2025-12-22T06:40:47.159517+00:00,3,PENDING
652,100,27,86,2025-12-19T06:40:47.186074+00:00,1,PENDING
653,92,27,82,2025-12-28T06:40:47.211290+00:00,2,PENDING
654,25,21,25,2025-12-25T06:40:47.235986+00:00,2,PENDING
655,99,21,22,2025-12-27T06:40:47.263340+00:00,5,PENDING
656,81,24,57,2025-12-17T06:40:47.281834+00:00,5,PENDING
657,69,23,42,2025-12-27T06:40:47.303383+00:00,3,PENDING
658,42,22,38,2025-12-20T06:40:47.332456+00:00,4,PENDING
659,42,24,56,2025-12-26T06:40:47.356598+00:00,3,PENDING
660,30,22,40,2025-12-18T06:40:47.379710+00:00,3,PENDING
661,81,28,98,2025-12-10T06:40:47.404134+00:00,6,PENDING
662,89,26,72,2025-12-20T06:40:47.426923+00:00,6,PENDING
663,32,25,62,2025-12-10T06:40:47.443282+00:00,1,PENDING
664,71,30,114,2025-12-23T06:40:47.457314+00:00,1,PENDING
665,40,25,62,2025-12-17T06:40:47.470530+00:00,4,PENDING
666,27,22,34,2025-12-12T06:40:47.502010+00:00,3,PENDING
667,73,23,45,2025-12-13T06:40:47.527494+00:00,2,PENDING
668,102,26,75,2025-12-13T06:40:47.551410+00:00,2,PENDING
669,54,30,119,2025-12-09T06:40:47.577051+00:00,6,PENDING
670,64,26,72,2025-12-17T06:40:47.594542+00:00,2,PENDING
671,4,28,97,2025-12-19T06:40:47.621158+00:00,5,PENDING
672,103,26,79,2025-12-10T06:40:47.641386+00:00,2,PENDING
673,7,21,25,2025-12-10T06:40:47.665643+00:00,4,PENDING
674,53,30,120,2025-12-15T06:40:47.686171+00:00,1,PENDING
675,82,25,70,2025-12-27T06:40:47.717237+00:00,3,PENDING
676,82,26,76,2025-12-17T06:40:47.740392+00:00,6,PENDING
677,61,28,91,2025-12-14T06:40:47.759426+00:00,5,PENDING
678,19,23,49,2025-12-26T06:40:47.777753+00:00,6,PENDING
679,29,30,113,2025-12-11T06:40:47.808708+00:00,4,PENDING
680,88,23,49,2025-12-22T06:40:47.834037+00:00,6,PENDING
681,47,30,117,2025-12-22T06:40:47.864165+00:00,2,PENDING
682,32,28,99,2025-12-15T06:40:47.893791+00:00,2,PENDING
683,38,29,103,2025-12-12T06:40:47.925881+00:00,3,PENDING
684,21,28,93,2025-12-17T06:40:47.937528+00:00,2,PENDING
685,9,27,85,2025-12-22T06:40:47.957298+00:00,2,PENDING
686,100,27,87,2025-12-15T06:40:47.981143+00:00,6,PENDING
687,59,30,120,2025-12-09T06:40:47.997854+00:00,5,PENDING
688,92,22,33,2025-12-25T06:40:48.015449+00:00,4,PENDING
689,52,30,119,2025-12-24T06:40:48.032878+00:00,3,PENDING
690,61,29,102,2025-12-18T06:40:48.057417+00:00,4,PENDING
691,78,25,70,2025-12-15T06:40:48.075012+00:00,4,PENDING
692,32,22,34,2025-12-27T06:40:48.111761+00:00,6,PENDING
693,42,30,119,2025-12-24T06:40:48.143689+00:00,2,PENDING
694,76,21,23,2025-12-20T06:40:48.161979+00:00,4,PENDING
695,24,28,92,2025-12-28T06:40:48.188731+00:00,5,PENDING
696,38,29,106,2025-12-11T06:40:48.213210+00:00,6,PENDING
697,7,28,100,2025-12-09T06:40:48.245099+00:00,1,PENDING
698,8,29,101,2025-12-27T06:40:48.270720+00:00,5,PENDING
699,65,22,36,2025-12-25T06:40:48.289241+00:00,5,PENDING
700,72,24,55,2025-12-26T06:40:48.313822+00:00,1,PENDING
701,73,29,103,2025-12-28T06:40:48.331458+00:00,3,PENDING
702,3,30,112,2025-12-28T06:40:48.356215+00:00,6,PENDING
703,85,28,91,2025-12-17T06:40:48.388287+00:00,2,PENDING
704,101,24,54,2025-12-27T06:40:48.410779+00:00,5,PENDING
705,55,29,106,2025-12-20T06:40:48.429123+00:00,4,PENDING
706,16,27,84,2025-12-21T06:40:48.459319+00:00,4,PENDING
707,44,27,90,2025-12-24T06:40:48.478980+00:00,3,PENDING
708,72,22,40,2025-12-23T06:40:48.498612+00:00,5,PENDING
709,99,23,44,2025-12-18T06:40:48.522027+00:00,4,PENDING
710,41,26,78,2025-12-25T06:40:48.538712+00:00,3,PENDING
711,27,26,75,2025-12-21T06:40:48.559990+00:00,6,PENDING
712,82,24,55,2025-12-24T06:40:48.591783+00:00,4,PENDING
713,47,25,70,2025-12-10T06:40:48.616171+00:00,2,PENDING
714,30,30,114,2025-12-25T06:40:48.647326+00:00,2,PENDING
715,90,26,71,2025-12-13T06:40:48.672114+00:00,6,PENDING
716,4,21,23,2025-12-26T06:40:48.705202+00:00,4,PENDING
717,16,27,90,2025-12-26T06:40:48.730220+00:00,2,PENDING
718,52,29,104,2025-12-23T06:40:48.754597+00:00,5,PENDING
719,98,28,99,2025-12-24T06:40:48.781807+00:00,3,PENDING
720,43,27,88,2025-12-09T06:40:48.807958+00:00,5,PENDING
721,64,26,75,2025-12-17T06:40:48.831089+00:00,1,PENDING
722,72,24,53,2025-12-11T06:40:48.849932+00:00,4,PENDING
723,67,27,82,2025-12-20T06:40:48.861852+00:00,2,PENDING
724,64,30,116,2025-12-28T06:40:48.872768+00:00,2,PENDING
725,55,21,24,2025-12-20T06:40:48.892944+00:00,6,PENDING
726,90,28,95,2025-12-16T06:40:48.921669+00:00,4,PENDING
727,45,21,30,2025-12-21T06:40:48.944299+00:00,4,PENDING
728,37,21,30,2025-12-23T06:40:48.974879+00:00,2,PENDING
729,44,21,27,2025-12-20T06:40:48.992698+00:00,2,PENDING
730,43,23,46,2025-12-13T06:40:49.015055+00:00,6,PENDING
731,69,30,115,2025-12-20T06:40:49.033632+00:00,3,PENDING
732,26,27,90,2025-12-21T06:40:49.052613+00:00,3,PENDING
733,77,24,58,2025-12-19T06:40:49.083133+00:00,2,PENDING
734,71,22,37,2025-12-20T06:40:49.100679+00:00,4,PENDING
735,103,24,53,2025-12-25T06:40:49.124837+00:00,3,PENDING
736,62,21,21,2025-12-11T06:40:49.143773+00:00,6,PENDING
737,55,28,93,2025-12-24T06:40:49.168061+00:00,6,PENDING
738,96,28,93,2025-12-26T06:40:49.190436+00:00,1,PENDING
739,102,27,81,2025-12-24T06:40:49.221839+00:00,4,PENDING
740,36,30,120,2025-12-25T06:40:49.254986+00:00,4,PENDING
741,77,26,78,2025-12-18T06:40:49.270349+00:00,5,PENDING
742,52,21,24,2025-12-25T06:40:49.295247+00:00,4,PENDING
743,23,25,64,2025-12-24T06:40:49.313138+00:00,4,PENDING
744,29,28,100,2025-12-09T06:40:49.336585+00:00,5,PENDING
745,19,30,114,2025-12-19T06:40:49.359795+00:00,4,PENDING
746,87,21,27,2025-12-23T06:40:49.377225+00:00,6,PENDING
747,70,26,71,2025-12-26T06:40:49.407683+00:00,6,PENDING
748,13,30,117,2025-12-19T06:40:49.425881+00:00,5,PENDING
749,20,30,116,2025-12-15T06:40:49.456381+00:00,5,PENDING
750,42,27,88,2025-12-10T06:40:49.480271+00:00,4,PENDING
751,48,25,62,2025-12-09T06:40:49.498794+00:00,6,PENDING
752,106,21,29,2025-12-15T06:40:49.517697+00:00,1,PENDING
753,67,29,110,2025-12-14T06:40:49.554160+00:00,1,PENDING
754,45,22,35,2025-12-22T06:40:49.593450+00:00,1,PENDING
755,15,29,107,2025-12-21T06:40:49.610321+00:00,6,PENDING
756,9,25,63,2025-12-22T06:40:49.633747+00:00,1,PENDING
757,9,22,31,2025-12-18T06:40:49.657900+00:00,2,PENDING
758,49,30,114,2025-12-28T06:40:49.691774+00:00,5,PENDING
759,50,22,37,2025-12-20T06:40:49.710123+00:00,6,PENDING
760,73,27,90,2025-12-22T06:40:49.729002+00:00,1,PENDING
761,12,22,36,2025-12-15T06:40:49.765982+00:00,6,PENDING
762,88,29,105,2025-12-10T06:40:49.792122+00:00,4,PENDING
763,56,21,22,2025-12-09T06:40:49.816913+00:00,5,PENDING
764,58,24,57,2025-12-17T06:40:49.841288+00:00,5,PENDING
765,61,22,38,2025-12-24T06:40:49.866472+00:00,2,PENDING
766,78,28,92,2025-12-12T06:40:49.882900+00:00,5,PENDING
767,49,22,31,2025-12-14T06:40:49.902935+00:00,5,PENDING
768,94,25,63,2025-12-23T06:40:49.937602+00:00,6,PENDING
769,89,26,77,2025-12-22T06:40:49.975299+00:00,4,PENDING
770,87,23,47,2025-12-26T06:40:50.005297+00:00,2,PENDING
771,34,30,112,2025-12-25T06:40:50.020358+00:00,6,PENDING
772,60,21,25,2025-12-19T06:40:50.033416+00:00,2,PENDING
773,11,27,86,2025-12-22T06:40:50.057556+00:00,3,PENDING
774,22,24,53,2025-12-09T06:40:50.081553+00:00,2,PENDING
775,102,22,32,2025-12-19T06:40:50.099231+00:00,2,PENDING
776,1,28,97,2025-12-28T06:40:50.123448+00:00,3,PENDING
777,74,23,45,2025-12-10T06:40:50.147941+00:00,1,PENDING
778,32,29,101,2025-12-24T06:40:50.178715+00:00,1,PENDING
779,59,29,108,2025-12-27T06:40:50.189111+00:00,5,PENDING
780,41,30,119,2025-12-09T06:40:50.201404+00:00,6,PENDING
781,57,25,61,2025-12-18T06:40:50.218499+00:00,1,PENDING
782,87,22,39,2025-12-22T06:40:50.236354+00:00,2,PENDING
783,15,25,64,2025-12-15T06:40:50.265646+00:00,1,PENDING
784,62,26,79,2025-12-22T06:40:50.296953+00:00,3,PENDING
785,60,29,103,2025-12-14T06:40:50.323840+00:00,5,PENDING
786,37,27,85,2025-12-21T06:40:50.340779+00:00,4,PENDING
787,10,23,47,2025-12-14T06:40:50.366654+00:00,6,PENDING
788,22,24,52,2025-12-10T06:40:50.381278+00:00,5,PENDING
789,10,27,83,2025-12-16T06:40:50.399454+00:00,4,PENDING
790,55,30,114,2025-12-16T06:40:50.417853+00:00,5,PENDING
791,89,23,50,2025-12-20T06:40:50.449409+00:00,5,PENDING
792,47,24,55,2025-12-15T06:40:50.486426+00:00,3,PENDING
793,2,27,84,2025-12-16T06:40:50.516219+00:00,6,PENDING
794,81,23,46,2025-12-13T06:40:50.542482+00:00,2,PENDING
795,56,25,68,2025-12-09T06:40:50.567652+00:00,5,PENDING
796,69,25,61,2025-12-15T06:40:50.592831+00:00,2,PENDING
797,107,21,29,2025-12-12T06:40:50.624345+00:00,3,PENDING
798,33,23,45,2025-12-19T06:40:50.654613+00:00,3,PENDING
799,104,27,87,2025-12-18T06:40:50.678984+00:00,1,PENDING
800,41,28,97,2025-12-11T06:40:50.696601+00:00,6,PENDING
801,18,29,102,2026-01-04T21:26:16.834306+00:00,4,confirmed
802,46,25,68,2026-01-03T18:04:23.768407+00:00,1,cancelled
803,41,25,66,2025-12-19T08:28:38.715681+00:00,7,pending
804,33,22,32,2026-01-01T20:37:35.732312+00:00,5,cancelled
805,94,26,72,2026-01-01T02:40:38.923936+00:00,5,confirmed
806,77,21,22,2025-12-22T15:16:10.618556+00:00,2,cancelled
807,67,21,24,2026-01-02T11:18:56.766692+00:00,5,confirmed
808,95,27,88,2025-12-29T06:59:54.300543+00:00,6,confirmed
809,68,26,72,2025-12-23T06:35:06.519056+00:00,3,completed
810,18,29,105,2025-12-26T19:44:35.260559+00:00,1,completed
811,48,22,32,2026-01-01T10:42:00.515807+00:00,5,confirmed
812,104,29,106,2025-12-26T03:04:08.358724+00:00,7,confirmed
813,37,21,23,2025-12-11T16:32:41.399133+00:00,3,cancelled
814,27,30,116,2025-12-31T01:28:45.846479+00:00,2,pending
815,36,27,83,2025-12-27T23:23:24.932557+00:00,2,cancelled
816,66,25,66,2025-12-19T10:37:08.343028+00:00,8,pending
817,30,27,82,2025-12-15T20:43:54.804407+00:00,1,completed
818,22,27,86,2025-12-28T22:42:18.787763+00:00,4,confirmed
819,16,23,43,2025-12-14T17:26:34.316269+00:00,8,cancelled
820,57,24,52,2025-12-19T16:14:02.143264+00:00,7,cancelled
821,9,30,116,2025-12-24T00:07:42.389743+00:00,3,cancelled
822,11,25,62,2025-12-23T05:58:35.950089+00:00,4,cancelled
823,49,28,92,2025-12-13T18:50:44.057285+00:00,8,confirmed
824,106,22,31,2025-12-19T04:59:09.619406+00:00,3,pending
825,10,22,39,2025-12-19T03:56:36.363860+00:00,2,pending
826,41,25,63,2025-12-31T21:14:09.838042+00:00,6,pending
827,88,25,61,2026-01-06T14:52:52.928720+00:00,3,pending
828,41,25,69,2025-12-30T00:34:43.648403+00:00,2,pending
829,70,22,35,2025-12-13T19:56:19.936031+00:00,6,cancelled
830,54,24,60,2026-01-01T16:17:00.142830+00:00,2,completed
831,93,30,118,2025-12-21T20:42:30.617481+00:00,6,cancelled
832,56,26,76,2025-12-25T08:54:41.027010+00:00,2,cancelled
833,64,29,105,2025-12-23T21:26:26.945629+00:00,2,cancelled
834,43,24,56,2025-12-23T07:52:03.110256+00:00,5,confirmed
835,59,25,65,2026-01-08T00:34:09.736926+00:00,1,confirmed
836,63,22,37,2025-12-18T18:55:09.482776+00:00,6,pending
837,41,25,69,2025-12-29T19:06:44.662569+00:00,3,confirmed
838,64,29,108,2025-12-14T11:43:15.201968+00:00,6,pending
839,103,21,26,2025-12-23T23:52:19.600808+00:00,3,confirmed
840,84,25,65,2025-12-10T19:31:23.911200+00:00,5,completed
841,103,21,25,2025-12-24T00:31:10.295580+00:00,1,completed
842,92,27,88,2025-12-11T14:53:29.960639+00:00,2,pending
843,46,25,61,2025-12-28T08:47:38.191796+00:00,2,completed
844,15,21,22,2026-01-07T22:41:25.324540+00:00,8,confirmed
845,17,26,74,2025-12-13T18:05:24.281809+00:00,1,pending
846,47,28,96,2025-12-31T05:55:17.295820+00:00,3,completed
847,55,30,113,2025-12-14T14:53:16.494698+00:00,1,completed
848,24,25,62,2025-12-26T11:09:25.393558+00:00,1,confirmed
849,88,25,68,2025-12-24T14:11:09.188010+00:00,8,confirmed
850,107,24,58,2025-12-12T11:49:53.683009+00:00,5,pending
851,9,30,115,2025-12-14T20:42:09.055598+00:00,5,pending
852,52,30,111,2026-01-03T10:10:13.666867+00:00,1,pending
853,25,22,33,2025-12-26T03:03:29.871516+00:00,5,completed
854,85,30,113,2025-12-31T07:14:10.182083+00:00,4,cancelled
855,105,28,98,2025-12-15T10:15:44.344122+00:00,7,completed
856,69,26,75,2025-12-30T18:21:32.770291+00:00,5,cancelled
857,91,24,55,2025-12-15T04:49:12.110066+00:00,5,pending
858,45,25,70,2026-01-02T19:13:05.638263+00:00,2,completed
859,25,22,38,2025-12-12T20:08:58.598897+00:00,8,cancelled
860,37,21,25,2025-12-13T05:25:50.936598+00:00,3,completed
861,106,22,31,2025-12-19T06:46:49.342145+00:00,3,pending
862,31,28,96,2025-12-17T00:56:52.318513+00:00,2,pending
863,23,28,95,2025-12-24T23:50:36.047451+00:00,6,pending
864,98,24,52,2025-12-29T21:47:21.504211+00:00,2,cancelled
865,20,25,66,2025-12-10T05:12:55.915450+00:00,7,cancelled
866,97,28,91,2026-01-03T08:10:25.894277+00:00,3,confirmed
867,73,29,105,2025-12-31T00:06:30.676136+00:00,4,confirmed
868,27,30,111,2025-12-31T05:30:10.193153+00:00,6,confirmed
869,28,28,98,2025-12-19T22:05:08.137908+00:00,1,confirmed
870,28,28,94,2025-12-24T02:35:27.846687+00:00,7,pending
871,38,21,28,2025-12-25T04:26:21.881328+00:00,1,confirmed
872,55,30,113,2025-12-17T02:17:02.923956+00:00,6,confirmed
873,63,22,32,2025-12-25T03:06:11.090956+00:00,1,completed
874,77,21,23,2025-12-13T18:11:57.973666+00:00,1,pending
875,19,26,78,2025-12-26T18:25:00.791776+00:00,7,confirmed
876,58,25,61,2025-12-29T20:58:51.057039+00:00,7,confirmed
877,88,25,65,2026-01-07T17:13:27.559295+00:00,5,completed
878,47,28,91,2025-12-18T11:39:26.409478+00:00,3,pending
879,99,30,112,2026-01-03T10:02:54.979706+00:00,8,confirmed
880,19,26,80,2025-12-13T16:39:19.164498+00:00,8,completed
881,94,26,79,2025-12-16T18:32:16.702963+00:00,8,confirmed
882,28,28,95,2025-12-28T08:30:21.150731+00:00,2,completed
883,105,28,98,2025-12-12T00:12:12.733081+00:00,7,cancelled
884,107,24,60,2025-12-24T19:52:38.165865+00:00,3,cancelled
885,28,28,99,2025-12-26T20:40:19.078282+00:00,3,completed
886,12,30,114,2026-01-03T19:13:53.550398+00:00,6,pending
887,94,26,75,2026-01-03T06:59:16.476665+00:00,4,completed
888,42,21,21,2025-12-25T12:32:53.769786+00:00,4,cancelled
889,35,24,53,2025-12-25T17:50:30.393447+00:00,1,confirmed
890,59,25,68,2025-12-13T12:23:08.264766+00:00,3,completed
891,19,26,78,2025-12-25T22:55:37.456197+00:00,2,confirmed
892,8,21,29,2025-12-29T23:55:28.865274+00:00,7,cancelled
893,37,21,22,2025-12-13T03:39:35.756052+00:00,1,completed
894,99,30,113,2026-01-01T10:10:23.629905+00:00,5,confirmed
895,27,30,119,2025-12-28T07:24:45.919437+00:00,8,confirmed
896,64,29,103,2025-12-17T22:05:00.995999+00:00,6,confirmed
897,77,21,27,2025-12-29T15:44:16.761435+00:00,7,confirmed
898,12,30,119,2025-12-24T09:28:30.607205+00:00,7,confirmed
899,107,24,56,2025-12-18T19:19:47.590700+00:00,4,confirmed
900,95,27,90,2025-12-20T12:23:59.900913+00:00,1,completed
901,33,22,40,2025-12-31T15:04:06.439861+00:00,2,confirmed
902,73,29,106,2025-12-10T06:48:29.019257+00:00,5,completed
903,34,22,35,2025-12-21T01:57:09.532305+00:00,3,completed
904,98,24,53,2025-12-19T13:35:12.091835+00:00,3,completed
905,107,24,52,2025-12-30T06:31:56.891977+00:00,8,cancelled
906,25,22,39,2026-01-02T14:16:29.673382+00:00,2,confirmed
907,49,28,97,2026-01-05T23:11:40.296276+00:00,2,cancelled
908,65,21,27,2025-12-11T17:36:40.796121+00:00,2,completed
909,88,25,68,2025-12-31T17:15:55.778225+00:00,1,confirmed
910,65,21,25,2025-12-16T04:19:11.766005+00:00,4,completed
911,99,30,116,2025-12-17T22:30:14.989687+00:00,2,cancelled
912,49,28,94,2025-12-12T16:30:15.033323+00:00,6,pending
913,28,28,93,2025-12-18T16:44:55.171279+00:00,6,completed
914,44,28,91,2025-12-20T18:49:59.455684+00:00,4,pending
915,61,28,95,2025-12-31T07:31:02.974362+00:00,1,confirmed
916,34,22,40,2025-12-15T15:14:27.180473+00:00,3,cancelled
917,79,21,23,2025-12-30T11:20:17.478991+00:00,2,cancelled
918,74,21,30,2026-01-06T07:46:57.235899+00:00,1,confirmed
919,49,28,92,2026-01-03T18:32:26.442038+00:00,7,confirmed
920,25,22,34,2025-12-23T06:01:49.329529+00:00,6,confirmed
921,73,29,104,2025-12-10T21:48:54.328536+00:00,3,completed
922,54,24,52,2025-12-13T01:55:06.911071+00:00,1,completed
923,68,26,75,2026-01-03T19:11:00.581680+00:00,4,cancelled
924,63,22,35,2025-12-27T01:09:31.032471+00:00,3,pending
925,61,28,92,2026-01-03T06:10:04.161469+00:00,7,pending
926,35,24,51,2025-12-31T12:47:44.600294+00:00,7,cancelled
927,23,28,96,2025-12-13T05:27:36.599288+00:00,2,cancelled
928,74,21,30,2025-12-30T20:08:53.463618+00:00,2,confirmed
929,27,30,114,2025-12-30T07:58:54.328343+00:00,5,cancelled
930,29,25,64,2025-12-10T05:33:45.067447+00:00,1,completed
931,102,26,74,2025-12-18T06:33:48.407337+00:00,6,completed
932,96,22,32,2025-12-17T09:12:32.215919+00:00,7,pending
933,52,30,119,2026-01-03T13:26:35.634796+00:00,6,pending
934,103,21,22,2025-12-30T23:16:05.680381+00:00,8,completed
935,15,21,23,2026-01-02T17:06:23.290008+00:00,8,confirmed
936,65,21,23,2025-12-22T12:39:04.561921+00:00,1,confirmed
937,35,24,55,2025-12-25T22:01:25.917965+00:00,1,completed
938,79,21,30,2025-12-17T21:04:51.347060+00:00,1,pending
939,35,24,51,2025-12-11T19:00:50.511374+00:00,7,completed
940,66,25,66,2025-12-30T21:59:44.778522+00:00,5,completed
941,97,28,95,2025-12-25T21:34:35.639546+00:00,6,confirmed
942,35,24,55,2025-12-30T06:09:16.635659+00:00,6,confirmed
943,88,25,67,2025-12-18T14:46:06.432754+00:00,8,completed
944,21,30,114,2025-12-22T17:50:46.109925+00:00,1,confirmed
945,20,25,67,2025-12-24T23:37:05.027130+00:00,3,confirmed
946,99,30,120,2025-12-28T21:40:25.298271+00:00,2,cancelled
947,21,30,117,2025-12-13T21:24:01.604924+00:00,8,cancelled
948,104,29,108,2026-01-04T12:05:22.835187+00:00,2,completed
949,63,22,40,2025-12-22T09:55:19.561914+00:00,2,cancelled
950,105,28,94,2025-12-27T11:54:32.161549+00:00,7,completed
951,57,24,55,2026-01-05T05:22:18.738912+00:00,1,completed
952,70,22,38,2025-12-22T04:53:10.299853+00:00,1,pending
953,35,24,56,2025-12-21T20:56:09.808222+00:00,3,completed
954,43,24,60,2025-12-30T18:36:40.401031+00:00,6,confirmed
955,75,21,22,2026-01-01T22:28:50.137739+00:00,7,pending
956,21,30,118,2025-12-13T11:12:31.973317+00:00,4,cancelled
957,35,24,60,2025-12-20T22:41:29.743862+00:00,5,completed
958,58,25,64,2026-01-02T08:43:51.645255+00:00,2,completed
959,10,22,32,2026-01-04T15:51:20.809733+00:00,5,completed
960,67,21,26,2025-12-20T07:14:17.014316+00:00,2,confirmed
961,15,21,21,2025-12-11T10:49:14.486029+00:00,4,pending
962,39,25,64,2025-12-23T10:22:58.203350+00:00,2,confirmed
963,19,26,76,2026-01-03T20:49:56.909233+00:00,2,cancelled
964,70,22,35,2025-12-16T23:16:44.124582+00:00,6,pending
965,26,21,28,2025-12-28T19:23:48.460776+00:00,7,confirmed
966,89,30,115,2026-01-01T16:44:44.716482+00:00,5,confirmed
967,37,21,29,2026-01-03T10:32:38.434402+00:00,4,cancelled
968,27,30,112,2025-12-13T06:27:25.441332+00:00,1,cancelled
969,92,27,82,2025-12-26T06:21:33.795011+00:00,8,pending
970,21,30,117,2025-12-26T08:13:48.899863+00:00,7,confirmed
971,34,22,39,2025-12-25T21:01:43.698032+00:00,7,confirmed
972,93,30,114,2025-12-29T05:32:02.431587+00:00,6,pending
973,88,25,66,2025-12-24T14:07:11.695925+00:00,2,pending
974,102,26,79,2025-12-14T14:40:31.366997+00:00,3,confirmed
975,31,28,93,2025-12-19T21:47:07.386049+00:00,7,cancelled
976,82,29,108,2025-12-25T08:57:39.266215+00:00,2,cancelled
977,60,24,58,2025-12-22T23:09:30.315587+00:00,3,completed
978,36,27,83,2025-12-19T22:51:08.007318+00:00,6,completed
979,23,28,100,2025-12-29T18:13:51.298213+00:00,4,confirmed
980,20,25,68,2025-12-17T05:06:51.605472+00:00,6,completed
981,22,27,82,2025-12-10T15:04:35.265862+00:00,8,confirmed
982,48,22,36,2025-12-12T10:16:26.213228+00:00,7,confirmed
983,99,30,112,2026-01-06T22:41:22.993840+00:00,6,pending
984,106,22,37,2025-12-26T23:44:58.243868+00:00,2,cancelled
985,36,27,84,2025-12-19T10:46:23.034123+00:00,4,pending
986,9,30,119,2025-12-14T14:31:56.490027+00:00,8,completed
987,45,25,68,2026-01-04T15:24:29.019001+00:00,1,completed
988,15,21,27,2025-12-22T01:19:27.190481+00:00,3,pending
989,39,25,64,2025-12-15T22:32:17.871077+00:00,4,pending
990,58,25,66,2025-12-16T11:22:39.673965+00:00,2,confirmed
991,44,28,97,2026-01-06T17:42:03.924312+00:00,1,confirmed
992,34,22,39,2026-01-06T13:50:10.687541+00:00,2,completed
993,32,21,30,2025-12-24T09:54:11.956316+00:00,6,cancelled
994,96,22,31,2026-01-06T15:03:34.175064+00:00,7,completed
995,95,27,82,2026-01-05T12:46:01.302794+00:00,8,cancelled
996,55,30,117,2025-12-26T15:22:08.260281+00:00,2,completed
997,100,24,60,2026-01-07T02:36:15.658962+00:00,7,completed
998,75,21,29,2025-12-21T04:47:12.648003+00:00,8,pending
999,46,25,65,2025-12-22T21:23:17.170065+00:00,4,confirmed
1000,83,27,85,2025-12-21T10:39:46.706733+00:00,4,confirmed
1001,75,25,70,2025-12-21T04:47:14.695368+00:00,6,PENDING
1002,96,29,110,2025-12-15T04:47:14.701783+00:00,5,PENDING
1003,32,21,27,2025-12-16T04:47:14.707399+00:00,6,PENDING
1004,8,25,67,2025-12-19T04:47:14.712619+00:00,6,PENDING
1005,64,25,69,2025-12-17T04:47:14.717864+00:00,2,PENDING
1006,82,26,79,2025-12-18T04:47:14.722965+00:00,6,PENDING
1007,84,30,119,2025-12-27T04:47:14.728433+00:00,2,PENDING
1008,9,23,42,2025-12-14T04:47:14.734031+00:00,4,PENDING
1009,33,29,106,2025-12-23T04:47:14.739515+00:00,1,PENDING
1010,43,23,49,2025-12-24T04:47:14.745388+00:00,1,PENDING
1011,72,24,60,2025-12-27T04:47:14.751004+00:00,6,PENDING
1012,98,28,100,2025-12-16T04:47:14.756503+00:00,1,PENDING
1013,74,29,108,2025-12-11T04:47:14.761646+00:00,5,PENDING
1014,57,25,70,2025-12-18T04:47:14.767158+00:00,6,PENDING
1015,46,22,34,2025-12-22T04:47:14.772583+00:00,1,PENDING
1016,14,27,83,2025-12-14T04:47:14.777740+00:00,5,PENDING
1017,63,21,21,2025-12-28T04:47:14.783020+00:00,6,PENDING
1018,10,25,61,2025-12-15T04:47:14.788346+00:00,3,PENDING
1019,107,22,37,2025-12-23T04:47:14.793294+00:00,2,PENDING
1020,85,24,55,2025-12-20T04:47:14.798560+00:00,6,PENDING
1021,107,21,25,2025-12-19T04:47:14.803528+00:00,6,PENDING
1022,22,23,41,2025-12-24T04:47:14.808780+00:00,2,PENDING
1023,79,26,75,2025-12-22T04:47:14.813933+00:00,6,PENDING
1024,60,23,43,2025-12-27T04:47:14.819363+00:00,6,PENDING
1025,31,28,91,2025-12-25T04:47:14.824621+00:00,1,PENDING
1026,17,29,103,2025-12-29T04:47:14.829717+00:00,3,PENDING
1027,4,24,57,2025-12-27T04:47:14.835040+00:00,6,PENDING
1028,43,21,22,2025-12-19T04:47:14.840400+00:00,6,PENDING
1029,15,25,62,2025-12-14T04:47:14.845746+00:00,5,PENDING
1030,64,24,51,2025-12-25T04:47:14.851026+00:00,6,PENDING
1031,72,23,46,2025-12-10T04:47:14.856566+00:00,5,PENDING
1032,51,25,69,2025-12-14T04:47:14.861490+00:00,1,PENDING
1033,45,26,74,2025-12-22T04:47:14.866434+00:00,5,PENDING
1034,4,24,56,2025-12-20T04:47:14.871982+00:00,5,PENDING
1035,53,24,55,2025-12-11T04:47:14.876988+00:00,1,PENDING
1036,72,24,59,2025-12-20T04:47:14.881944+00:00,5,PENDING
1037,29,22,37,2025-12-24T04:47:14.886886+00:00,2,PENDING
1038,1,23,47,2025-12-16T04:47:14.891755+00:00,4,PENDING
1039,8,30,116,2025-12-24T04:47:14.896516+00:00,2,PENDING
1040,96,26,71,2025-12-29T04:47:14.901229+00:00,2,PENDING
1041,77,29,103,2025-12-17T04:47:14.906047+00:00,3,PENDING
1042,36,29,104,2025-12-10T04:47:14.910827+00:00,2,PENDING
1043,31,30,118,2025-12-28T04:47:14.915661+00:00,5,PENDING
1044,84,29,102,2025-12-11T04:47:14.920694+00:00,3,PENDING
1045,35,24,54,2025-12-25T04:47:14.925463+00:00,5,PENDING
1046,106,22,36,2025-12-26T04:47:14.930088+00:00,1,PENDING
1047,76,29,107,2025-12-15T04:47:14.934765+00:00,5,PENDING
1048,84,25,62,2025-12-27T04:47:14.939484+00:00,3,PENDING
1049,38,25,67,2025-12-13T04:47:14.944341+00:00,4,PENDING
1050,74,26,80,2025-12-14T04:47:14.949193+00:00,2,PENDING
1051,84,28,95,2025-12-10T04:47:14.954008+00:00,3,PENDING
1052,12,23,42,2025-12-29T04:47:14.958623+00:00,5,PENDING
1053,39,29,104,2025-12-23T04:47:14.963173+00:00,3,PENDING
1054,86,25,67,2025-12-24T04:47:14.967676+00:00,1,PENDING
1055,98,26,78,2025-12-17T04:47:14.972823+00:00,6,PENDING
1056,68,29,109,2025-12-24T04:47:14.977681+00:00,1,PENDING
1057,102,28,92,2025-12-27T04:47:14.982333+00:00,1,PENDING
1058,13,30,115,2025-12-26T04:47:14.987030+00:00,3,PENDING
1059,93,27,81,2025-12-22T04:47:14.991840+00:00,5,PENDING
1060,25,29,109,2025-12-26T04:47:14.996649+00:00,6,PENDING
1061,31,30,114,2025-12-16T04:47:15.001208+00:00,6,PENDING
1062,40,27,85,2025-12-16T04:47:15.006008+00:00,1,PENDING
1063,33,27,82,2025-12-28T04:47:15.010380+00:00,4,PENDING
1064,53,26,71,2025-12-21T04:47:15.015070+00:00,4,PENDING
1065,2,27,84,2025-12-27T04:47:15.019918+00:00,6,PENDING
1066,33,23,44,2025-12-18T04:47:15.024710+00:00,4,PENDING
1067,104,21,27,2025-12-11T04:47:15.029804+00:00,1,PENDING
1068,40,22,33,2025-12-16T04:47:15.034487+00:00,6,PENDING
1069,101,24,59,2025-12-10T04:47:15.039181+00:00,5,PENDING
1070,37,30,119,2025-12-24T04:47:15.043857+00:00,5,PENDING
1071,27,21,22,2025-12-23T04:47:15.048600+00:00,6,PENDING
1072,95,29,108,2025-12-17T04:47:15.053145+00:00,4,PENDING
1073,13,24,57,2025-12-23T04:47:15.057530+00:00,5,PENDING
1074,75,21,30,2025-12-13T04:47:15.061911+00:00,6,PENDING
1075,27,24,53,2025-12-13T04:47:15.066416+00:00,5,PENDING
1076,90,26,76,2025-12-21T04:47:15.070728+00:00,3,PENDING
1077,68,30,120,2025-12-13T04:47:15.075182+00:00,6,PENDING
1078,19,29,110,2025-12-11T04:47:15.079674+00:00,4,PENDING
1079,80,24,51,2025-12-20T04:47:15.084018+00:00,1,PENDING
1080,19,26,78,2025-12-23T04:47:15.088822+00:00,3,PENDING
1081,99,21,22,2025-12-29T04:47:15.093228+00:00,3,PENDING
1082,82,29,101,2025-12-22T04:47:15.097915+00:00,4,PENDING
1083,47,22,31,2025-12-25T04:47:15.102563+00:00,3,PENDING
1084,93,29,105,2025-12-16T04:47:15.107233+00:00,2,PENDING
1085,33,24,51,2025-12-19T04:47:15.111653+00:00,2,PENDING
1086,8,27,90,2025-12-12T04:47:15.116226+00:00,6,PENDING
1087,55,24,51,2025-12-16T04:47:15.120759+00:00,4,PENDING
1088,9,25,63,2025-12-17T04:47:15.125279+00:00,6,PENDING
1089,16,24,56,2025-12-26T04:47:15.129914+00:00,1,PENDING
1090,39,30,115,2025-12-14T04:47:15.134623+00:00,3,PENDING
1091,81,26,78,2025-12-22T04:47:15.139693+00:00,3,PENDING
1092,94,25,61,2025-12-15T04:47:15.144598+00:00,3,PENDING
1093,92,22,39,2025-12-21T04:47:15.149316+00:00,4,PENDING
1094,9,25,69,2025-12-13T04:47:15.153730+00:00,2,PENDING
1095,57,24,51,2025-12-13T04:47:15.158185+00:00,2,PENDING
1096,78,27,88,2025-12-27T04:47:15.162795+00:00,6,PENDING
1097,37,23,42,2025-12-15T04:47:15.167455+00:00,6,PENDING
1098,104,28,95,2025-12-29T04:47:15.171902+00:00,2,PENDING
1099,97,27,87,2025-12-10T04:47:15.176619+00:00,1,PENDING
1100,7,29,101,2025-12-26T04:47:15.181513+00:00,5,PENDING
1101,93,23,42,2025-12-28T04:47:15.186017+00:00,5,PENDING
1102,91,28,95,2025-12-19T04:47:15.190877+00:00,6,PENDING
1103,51,23,49,2025-12-27T04:47:15.196004+00:00,6,PENDING
1104,33,27,84,2025-12-27T04:47:15.201689+00:00,3,PENDING
1105,10,24,51,2025-12-25T04:47:15.207260+00:00,2,PENDING
1106,37,29,106,2025-12-22T04:47:15.212781+00:00,5,PENDING
1107,56,30,113,2025-12-28T04:47:15.218290+00:00,4,PENDING
1108,101,23,45,2025-12-13T04:47:15.223729+00:00,6,PENDING
1109,26,24,60,2025-12-15T04:47:15.229221+00:00,3,PENDING
1110,78,27,86,2025-12-19T04:47:15.234740+00:00,5,PENDING
1111,70,25,67,2025-12-28T04:47:15.240095+00:00,5,PENDING
1112,60,21,28,2025-12-14T04:47:15.245360+00:00,5,PENDING
1113,54,28,94,2025-12-27T04:47:15.250459+00:00,6,PENDING
1114,25,26,71,2025-12-18T04:47:15.255498+00:00,1,PENDING
1115,75,23,43,2025-12-14T04:47:15.260838+00:00,5,PENDING
1116,2,28,99,2025-12-22T04:47:15.266331+00:00,1,PENDING
1117,94,22,36,2025-12-18T04:47:15.271694+00:00,1,PENDING
1118,47,22,36,2025-12-20T04:47:15.276917+00:00,3,PENDING
1119,52,21,21,2025-12-16T04:47:15.282424+00:00,5,PENDING
1120,61,21,25,2025-12-16T04:47:15.287820+00:00,3,PENDING
1121,62,22,34,2025-12-25T04:47:15.293506+00:00,1,PENDING
1122,78,26,74,2025-12-10T04:47:15.299182+00:00,5,PENDING
1123,18,26,71,2025-12-13T04:47:15.304494+00:00,3,PENDING
1124,42,28,94,2025-12-11T04:47:15.309912+00:00,4,PENDING
1125,32,26,79,2025-12-29T04:47:15.315191+00:00,4,PENDING
1126,82,26,74,2025-12-17T04:47:15.320291+00:00,1,PENDING
1127,90,23,42,2025-12-13T04:47:15.325426+00:00,2,PENDING
1128,37,23,43,2025-12-14T04:47:15.330923+00:00,4,PENDING
1129,104,25,69,2025-12-21T04:47:15.335951+00:00,6,PENDING
1130,77,24,56,2025-12-28T04:47:15.341017+00:00,5,PENDING
1131,26,22,40,2025-12-15T04:47:15.345867+00:00,5,PENDING
1132,88,23,42,2025-12-14T04:47:15.350663+00:00,1,PENDING
1133,46,27,88,2025-12-24T04:47:15.355521+00:00,3,PENDING
1134,50,27,84,2025-12-22T04:47:15.360313+00:00,4,PENDING
1135,38,25,66,2025-12-11T04:47:15.364864+00:00,6,PENDING
1136,80,22,36,2025-12-19T04:47:15.369315+00:00,3,PENDING
1137,100,24,53,2025-12-15T04:47:15.373916+00:00,2,PENDING
1138,71,25,61,2025-12-24T04:47:15.378284+00:00,2,PENDING
1139,7,29,110,2025-12-21T04:47:15.383015+00:00,4,PENDING
1140,37,23,41,2025-12-23T04:47:15.387606+00:00,5,PENDING
1141,102,23,44,2025-12-17T04:47:15.392345+00:00,6,PENDING
1142,58,27,88,2025-12-19T04:47:15.396923+00:00,1,PENDING
1143,11,21,23,2025-12-10T04:47:15.401401+00:00,5,PENDING
1144,87,25,69,2025-12-11T04:47:15.406034+00:00,1,PENDING
1145,74,23,46,2025-12-22T04:47:15.410352+00:00,1,PENDING
1146,30,21,27,2025-12-12T04:47:15.414815+00:00,4,PENDING
1147,15,25,68,2025-12-22T04:47:15.419210+00:00,3,PENDING
1148,89,29,105,2025-12-13T04:47:15.423869+00:00,5,PENDING
1149,7,28,100,2025-12-29T04:47:15.428374+00:00,5,PENDING
1150,41,28,95,2025-12-19T04:47:15.433035+00:00,4,PENDING
1151,56,27,85,2025-12-25T04:47:15.437474+00:00,4,PENDING
1152,56,24,53,2025-12-13T04:47:15.442310+00:00,5,PENDING
1153,12,26,77,2025-12-26T04:47:15.446992+00:00,1,PENDING
1154,87,27,81,2025-12-15T04:47:15.451552+00:00,2,PENDING
1155,96,23,49,2025-12-21T04:47:15.456214+00:00,4,PENDING
1156,33,28,96,2025-12-18T04:47:15.461004+00:00,3,PENDING
1157,22,26,71,2025-12-18T04:47:15.465798+00:00,6,PENDING
1158,73,25,67,2025-12-25T04:47:15.470544+00:00,6,PENDING
1159,76,27,84,2025-12-18T04:47:15.475387+00:00,4,PENDING
1160,37,30,111,2025-12-15T04:47:15.480101+00:00,5,PENDING
1161,85,28,97,2025-12-21T04:47:15.484924+00:00,2,PENDING
1162,62,28,98,2025-12-25T04:47:15.490203+00:00,2,PENDING
1163,61,24,58,2025-12-16T04:47:15.495513+00:00,5,PENDING
1164,74,25,68,2025-12-23T04:47:15.500576+00:00,2,PENDING
1165,82,26,75,2025-12-15T04:47:15.505645+00:00,3,PENDING
1166,68,26,71,2025-12-23T04:47:15.510668+00:00,2,PENDING
1167,70,21,28,2025-12-15T04:47:15.515715+00:00,5,PENDING
1168,30,23,45,2025-12-19T04:47:15.520502+00:00,4,PENDING
1169,50,24,55,2025-12-19T04:47:15.525015+00:00,4,PENDING
1170,41,27,87,2025-12-28T04:47:15.530017+00:00,5,PENDING
1171,30,25,66,2025-12-28T04:47:15.534978+00:00,2,PENDING
1172,78,26,74,2025-12-16T04:47:15.539696+00:00,6,PENDING
1173,29,25,62,2025-12-15T04:47:15.544560+00:00,6,PENDING
1174,104,23,42,2025-12-26T04:47:15.549434+00:00,1,PENDING
1175,9,27,86,2025-12-23T04:47:15.554175+00:00,4,PENDING
1176,4,25,70,2025-12-16T04:47:15.559062+00:00,1,PENDING
1177,52,21,28,2025-12-27T04:47:15.563917+00:00,2,PENDING
1178,45,26,72,2025-12-26T04:47:15.568751+00:00,4,PENDING
1179,85,28,94,2025-12-22T04:47:15.573479+00:00,4,PENDING
1180,15,28,100,2025-12-24T04:47:15.578285+00:00,4,PENDING
1181,84,26,74,2025-12-25T04:47:15.583064+00:00,5,PENDING
1182,32,29,105,2025-12-29T04:47:15.587814+00:00,6,PENDING
1183,81,22,36,2025-12-11T04:47:15.592663+00:00,5,PENDING
1184,77,27,83,2025-12-20T04:47:15.597501+00:00,3,PENDING
1185,9,27,87,2025-12-11T04:47:15.602252+00:00,1,PENDING
1186,106,30,113,2025-12-22T04:47:15.606848+00:00,1,PENDING
1187,4,22,36,2025-12-14T04:47:15.611703+00:00,5,PENDING
1188,25,21,30,2025-12-20T04:47:15.616397+00:00,2,PENDING
1189,53,29,102,2025-12-13T04:47:15.621108+00:00,1,PENDING
1190,11,30,111,2025-12-27T04:47:15.625958+00:00,6,PENDING
1191,38,30,119,2025-12-28T04:47:15.630982+00:00,3,PENDING
1192,34,21,24,2025-12-24T04:47:15.635884+00:00,5,PENDING
1193,31,28,96,2025-12-19T04:47:15.640966+00:00,2,PENDING
1194,71,29,109,2025-12-29T04:47:15.646147+00:00,5,PENDING
1195,22,29,109,2025-12-20T04:47:15.651106+00:00,2,PENDING
1196,7,29,106,2025-12-13T04:47:15.656070+00:00,4,PENDING
1197,89,29,104,2025-12-22T04:47:15.661697+00:00,1,PENDING
1198,61,26,79,2025-12-19T04:47:15.667405+00:00,4,PENDING
1199,90,21,30,2025-12-10T04:47:15.673053+00:00,3,PENDING
1200,2,27,87,2025-12-24T04:47:15.678498+00:00,6,PENDING
