id,user_id,order_id,waiter_id,restaurant_id,rating,comment
1,2,1,1.0,,5,full
2,2,2,1.0,,3,very amazing job dear
3,2,3,1.0,,4,Have a gorgeous food
4,2,4,1.0,,2,Not have a good day for myself!
5,78,61,,24.0,2,Son check successful card watch whether never spend more.
6,95,161,,23.0,3,Stop central factor question nation without score later option not.
7,37,27,,28.0,2,Although lay participant guy anyone born election various deal help young between.
8,34,289,,23.0,2,First month discover seek well dark home.
9,58,98,,30.0,1,General office type reason me only laugh daughter task hour fire.
10,79,105,,23.0,5,Sure institution five difference finally international painting into relate easy hair stuff.
11,11,234,,22.0,3,Old opportunity develop question blood minute state front class environmental rich.
12,33,223,,27.0,5,Short six start any grow century wind evidence likely accept.
13,88,102,,24.0,1,Treatment community piece performance price right mean region.
14,8,218,,22.0,5,Enough style the image begin region mother hot.
15,64,182,,22.0,3,Lose poor significant seem that child sport several size base finally another.
16,60,235,,21.0,1,Performance week month have stand message may.
17,17,167,,23.0,3,Offer main oil large stuff put list think type.
18,32,119,,22.0,2,Relationship cultural must occur son energy record.
19,17,41,,26.0,1,Condition around power many risk sort base region keep attention attorney.
20,96,109,,24.0,2,Plant energy effect just protect young number gun.
21,59,43,,25.0,2,Hotel job investment not somebody money some training time person pull accept.
22,42,213,,26.0,4,Remember heart fine all consumer throw available sound behavior.
23,31,6,,25.0,3,Garden near tree candidate meet beat cup group.
24,54,70,,22.0,1,Talk result tend once gun prevent read city very home run structure effect.
25,77,209,,26.0,4,Cause many southern vote approach room town.
26,41,132,,24.0,3,Already point prepare run both large detail pick.
27,67,189,,21.0,3,Area build contain toward attention after make cut she.
28,39,38,,23.0,2,Pressure part benefit east close small grow unit real mention guy.
29,33,267,,28.0,2,Catch let tell conference well style bed top big answer available economic.
30,48,194,,22.0,5,Quality claim growth expect young continue those.
31,29,207,,21.0,3,If both anything there should smile.
32,62,63,,21.0,2,Her safe know stage part protect.
33,25,104,,23.0,4,Author open anyone section term customer hour individual they old role.
34,70,97,,22.0,4,Degree first book federal animal phone case show.
35,65,128,,21.0,3,Condition bank something capital test ahead hear along education performance.
36,32,82,,22.0,1,One window attention consider process society society.
37,92,77,,27.0,5,Where line market cup across ahead.
38,57,32,,21.0,1,Part industry they physical foot star child story hot organization leader half.
39,58,135,,30.0,2,Political cultural paper ahead into view.
40,70,270,,24.0,4,Defense human prove born hour of for particular tax focus.
41,75,298,,21.0,3,Federal name throughout situation down participant next.
42,11,5,,22.0,2,Attack future herself own contain close money.
43,38,256,,24.0,4,So trial first leader close American view moment at myself factor that benefit leg.
44,52,73,,21.0,2,Catch red remain able edge owner.
45,77,261,,21.0,5,To summer save next race perhaps.
46,92,92,,25.0,2,Really sea time area animal picture company few arrive possible task sit.
47,87,155,,21.0,2,Sort realize put above about position down rather serve new subject fine.
48,13,226,,25.0,4,Professor four deal century organization fact before entire school although performance.
49,100,275,,30.0,5,Fall hope parent win foot evening soldier push top father common sometimes surface.
50,75,36,,21.0,2,Statement money leader do establish cup end in movie whatever it.
51,31,127,,25.0,4,Arrive whose see control benefit late teach left great official.
52,95,300,,27.0,2,Spring himself officer pass social city growth kitchen dog.
53,57,295,,29.0,5,Politics low admit yeah night tough state.
54,84,190,,25.0,5,Situation player expect state on face.
55,20,37,,21.0,5,Agent because none herself since fight body far suggest challenge sing.
56,19,88,,28.0,2,Responsibility different forward difference show available should.
57,79,58,,24.0,2,Defense only certain debate point teacher everybody support radio very future.
58,80,219,,25.0,5,Sit sense appear situation difference sign deal partner.
59,76,22,,24.0,4,Few soon race own training wear among total key talk nice.
60,101,198,,27.0,1,Bit education individual particularly body you behind floor program.
61,10,146,,28.0,5,Serious religious half much another newspaper line great machine also pass police.
62,22,233,,28.0,2,Figure say safe soon poor black.
63,55,291,,21.0,2,Edge prepare imagine box prepare state allow.
64,84,287,,29.0,5,My statement hair break area government fight public respond language picture structure how.
65,38,257,,24.0,4,Last now early key PM maintain indeed cold common.
66,84,142,,21.0,1,Benefit thought share worry report prove economy owner people throughout join.
67,40,55,,30.0,3,Dark body crime way though country upon two dinner democratic another.
68,15,250,,22.0,2,Heart both lawyer begin too response participant pattern every when stand.
69,82,147,,27.0,1,A management control him president use particularly court fact seek how over.
70,65,205,,22.0,4,Owner admit face build financial card just that first since.
71,79,96,,30.0,1,And front return structure measure read staff upon sister light begin value international.
72,95,156,,23.0,4,Will these themselves deep forward family expert movie cup experience city then.
73,63,299,,26.0,1,Year would important argue these despite gas stock challenge American military because argue.
74,28,230,,27.0,2,Moment address coach film alone official difficult according officer politics nice.
75,102,301,,27.0,3,Put politics drop actually foot music cover six claim reality happen share respond.
76,44,197,,29.0,2,Fast news no soldier body coach.
77,37,297,,22.0,5,Head sense leg civil likely painting across social character dinner.
78,85,183,,29.0,2,Shake remain at much lead dinner push source into draw stand.
79,102,227,,30.0,5,Rate pretty consumer board positive watch create seek strong others million glass.
80,35,273,,30.0,5,Prepare letter director great clearly reveal care person.
81,23,208,,28.0,1,Forward which card win person life onto cover of executive.
82,14,76,,26.0,5,Type hand rather it religious end measure check concern difference not series wait.
83,36,293,,24.0,3,Cause always later state a assume camera author share political positive material article.
84,107,212,,22.0,1,Right support when early have usually.
85,78,87,,24.0,3,Lot success able state herself sing time born loss drive.
86,13,111,,29.0,4,Home day since land red fire know hair buy.
87,77,264,,21.0,2,However production agent glass happy a over me.
88,17,108,,23.0,2,Police dark federal hospital wrong air someone television.
89,23,42,,21.0,1,Kitchen magazine think itself although admit raise pull goal rise effort provide security.
90,89,237,,21.0,5,Trip newspaper born another usually matter listen space movie to.
91,92,175,,26.0,5,Should black step base increase each hair.
92,71,84,,28.0,4,Discuss realize record else fine option accept source lead imagine family.
93,99,288,,21.0,2,Home history to alone half represent.
94,35,202,,21.0,1,Nation gas baby interest manage each past.
95,106,93,,21.0,5,Cultural ball parent might day teach human interest name possible last letter military.
96,21,116,,24.0,2,Result according central which without baby war mouth white concern forget.
97,91,283,,22.0,4,The west above mean rate instead body question glass.
98,103,152,,21.0,2,Police hold none we cell avoid could something bed teacher line design pretty.
99,33,48,,28.0,5,Realize add bag before magazine by close effect.
100,8,90,,22.0,4,Thousand long simply around position professional happen develop.
101,74,153,,27.0,2,Remember someone audience every international visit spend write through play woman certainly place.
102,80,284,,29.0,3,Campaign beyond service vote maybe return easy agree single exactly approach rather plan.
103,65,236,,30.0,2,Successful smile tree blue pattern among avoid large.
104,96,18,,24.0,2,Will create imagine front buy order still early.
105,82,277,,22.0,3,Alone plant off military discussion such card school operation office.
106,53,121,,23.0,5,Research training market miss course choice wall value certain other force between movie.
107,28,148,,22.0,4,Style go dream media color once lose central scene condition turn.
108,14,28,,23.0,1,Admit tell history child throughout concern amount feeling leave.
109,8,118,,22.0,3,Exist three crime nature machine subject know hair wife fact.
110,79,274,,24.0,2,Relationship begin blue director major call training plant mention ground reveal nice.
111,103,186,,21.0,4,Heart hot choice approach cold generation.
112,18,78,,21.0,4,Up seven song painting art case such.
113,76,241,,22.0,1,Dinner season size machine oil could finish.
114,35,31,,21.0,2,Their run see model lawyer well.
115,64,62,,25.0,4,Specific we happen million difference use property model.
116,13,184,,26.0,5,Training project defense foreign skin need give history beautiful respond detail.
117,106,139,,25.0,2,Lawyer culture meet music choice option three economy white.
118,54,81,,22.0,5,Environmental tax culture tonight travel training heavy.
119,107,178,,22.0,3,Keep ground first cell produce father.
120,91,34,,22.0,4,High most thing bad bill make dark.
121,13,67,,25.0,4,Wonder hundred light method point fight everybody end daughter.
122,43,221,,24.0,4,Catch teach who until past blue call seek police.
123,19,145,,24.0,5,Leg fly offer movie ability fact manage thing.
124,42,280,,21.0,1,Though end or color reality pick partner.
125,34,225,,21.0,1,Work item hard adult medical new power crime price.
126,23,133,,21.0,3,Black happy thought pass civil improve officer be less.
127,93,110,,22.0,4,Power practice majority young though side.
128,38,290,,21.0,1,Chance daughter hope ground sure order film ready order lawyer.
129,107,75,,22.0,2,Finally next college over employee daughter or film.
130,45,107,,26.0,2,Right almost music sell central without safe guy.
131,89,272,,23.0,2,Left cup institution personal letter table whole.
132,8,195,,22.0,1,Great claim front report process ok anyone enjoy.
133,18,185,,21.0,4,Agency consider realize product fish place lead letter practice create land well role.
134,19,123,,26.0,1,Factor agreement arm myself I very now whether management some wide.
135,32,40,,22.0,1,Care include and evidence instead rise especially southern.
136,86,125,,24.0,2,Little analysis necessary seek worker type want turn.
137,30,193,,28.0,5,Try resource control executive firm detail.
138,91,86,,22.0,5,Since measure attention everyone dream parent much according billion door land increase.
139,84,112,,21.0,2,Anything visit watch artist international occur range represent.
140,32,134,,22.0,3,Rise half reason drive bank beyond impact compare middle skin.
141,84,166,,21.0,5,Impact impact plan something must age such relationship pass fish impact western.
142,18,137,,21.0,3,Situation focus people west whatever free study friend.
143,64,278,,22.0,5,Threat kitchen explain cold true person month edge.
144,64,59,,23.0,3,Event dark mouth free garden real book administration both Republican guess.
145,65,68,,24.0,5,Might positive rock take system tough water mean charge traditional people ground.
146,46,19,,22.0,3,Bar each window explain defense start may toward space around director.
147,18,138,,22.0,2,Reason pressure peace summer moment guess.
148,66,177,,28.0,3,Special toward usually truth beyond guess task end.
149,73,296,,21.0,4,Computer we recently travel gun issue clear reflect.
150,16,215,,25.0,5,Even ready travel modern computer best.
151,106,292,,22.0,3,May law cost simple explain avoid society positive.
152,45,165,,27.0,5,Present close everything thank many good use sound guess.
153,82,176,,29.0,2,Four worry open before space service.
154,52,159,,29.0,3,Whose recognize lot list easy hard among major.
155,88,115,,24.0,4,Item style age beat face firm better seek kind major certainly decision pattern.
156,60,268,,22.0,1,Hold full make doctor require debate stay sign model song.
157,31,228,,30.0,4,Cover follow action almost section no trial.
158,67,174,,22.0,5,Avoid act apply believe else goal woman good learn once bed.
159,98,14,,21.0,5,Choose city enter song just probably director conference short.
160,57,9,,25.0,4,Kid according view rest enough laugh hot almost.
161,15,285,,26.0,5,Focus nothing once kid task how necessary trial hope service a.
162,86,157,,28.0,3,Buy continue world clearly information little amount example produce situation picture not him.
163,26,17,,21.0,2,Happen visit order network body officer prevent own poor at.
164,85,11,,28.0,4,Success full standard structure across agreement forget bring available.
165,92,222,,25.0,2,Couple hit stage suddenly other party western agreement so whole outside girl see project.
166,15,173,,26.0,5,Account ago hand while account really truth win.
167,80,164,,29.0,5,Reflect crime half born Republican budget charge.
168,9,16,,26.0,1,Condition painting account experience democratic can some from most believe body.
169,41,130,,21.0,1,Throw fire water second mouth pick sometimes.
170,13,79,,25.0,4,Small like investment see no foreign most cover fly.
171,49,259,,26.0,4,When south term economy father management into parent charge allow.
172,84,30,,22.0,1,Other piece would where use join best.
173,15,224,,26.0,2,Activity research that even summer religious quality the until voice itself onto.
174,39,210,,21.0,1,Goal our recognize bad easy attorney lead save boy leg knowledge.
175,66,12,,26.0,1,After treat trip reason analysis house around laugh once fall no reach full.
176,61,246,,24.0,3,Republican pull image provide technology line subject memory call sister our southern response.
177,68,150,,26.0,2,Take TV little account bag bar walk find customer minute leg certainly.
178,45,13,,27.0,5,Entire either pretty character he reason focus present family prepare number why person.
179,11,251,,22.0,3,Enough boy example reveal arrive nor.
180,17,169,,26.0,2,Great approach federal share difference it.
181,89,33,,21.0,4,Before since discussion cover him along give cup dream throughout.
182,87,281,,24.0,4,Newspaper officer idea she difficult partner source degree never reveal.
183,8,255,,22.0,4,Dog learn charge building word follow food south it protect.
184,18,238,,21.0,3,May center still six certain report middle crime line.
185,83,160,,21.0,4,Paper draw together audience professional pretty keep measure ground month tend return.
186,73,25,,29.0,2,Behavior natural really top head specific card dinner matter.
187,67,149,,21.0,5,Plant cultural suddenly pretty that treat season under visit fly.
188,98,253,,26.0,5,Sea over already bag away book product.
189,24,51,,29.0,3,Behind pull movie mission fish she from.
190,57,263,,30.0,1,Response modern go society strong large themselves tell here.
191,35,180,,25.0,1,South and together either benefit senior.
192,22,15,,26.0,4,Never why class everybody group total yard sound change east event adult.
193,59,158,,22.0,4,Hand bad point carry capital space start television state probably bank.
194,30,220,,28.0,1,Floor can common not notice receive first.
195,97,211,,23.0,2,Always blue face why machine reality soon.
196,37,94,,23.0,5,Machine add knowledge service town read.
197,44,91,,26.0,5,Turn huge page professional president amount thing human fish guess.
198,47,201,,23.0,2,Artist executive whether raise another family statement financial machine over last television.
199,74,214,,27.0,2,Recent collection produce pretty wonder shake agent heart.
200,31,282,,22.0,3,Company us color responsibility nice management truth.
201,74,103,,27.0,2,Form attorney natural generation enter put mind make.
202,29,154,,30.0,3,International hope positive final report all rest provide listen small lead and.
203,74,99,,23.0,3,Argue wind home wrong paper give.
204,97,196,,23.0,3,Expect particular event body town Congress weight son tax long detail north hope.
205,42,216,,21.0,5,Boy staff woman candidate step western sound audience quickly data.
206,63,47,,26.0,2,Especially available itself nature election interview guess.
207,13,324,,24.0,1,Ago dinner green black politics far today when authority open collection.
208,82,568,,25.0,2,Industry action pattern later institution around draw affect which daughter.
209,40,199,,29.0,5,Then color statement evening bag career during late lot.
210,27,203,,27.0,5,Item end note drive boy doctor identify laugh follow I wish.
211,92,480,,24.0,3,Seven range everything attention ever question.
212,73,367,,23.0,1,Dog argue whether article development short campaign possible mouth Mrs.
213,20,65,,27.0,1,Pay money start test then receive before war fly indeed rather local including.
214,58,106,,30.0,1,Cultural institution feel American them activity attorney speech civil.
215,8,305,,25.0,2,Program land pay behavior talk must.
216,28,340,,25.0,4,Floor success bring time information if prevent.
217,72,239,,21.0,5,Community chance adult soldier production although property coach toward join up according.
218,79,563,,21.0,5,Ability toward mind bag trade remain heavy eat stop.
219,49,316,,22.0,2,Candidate partner ago nice movement high majority reach.
220,57,422,,22.0,1,Forget buy owner century head her raise scene year reach then drug side.
221,51,409,,22.0,2,Music respond whether situation together single itself act table trip where.
222,62,191,,27.0,2,Find until foreign article all keep history three store build store human reach.
223,25,355,,22.0,4,Avoid second that effort religious admit project call model break he range.
224,64,172,,23.0,2,Say leader a partner medical guess front.
225,28,302,,22.0,3,Would share worry lot behind family all.
226,94,604,,21.0,1,Nothing statement weight professional money tend possible economic.
227,47,515,,27.0,3,Senior author us spend deep plan note sit friend peace machine ten.
228,15,24,,22.0,1,Relationship right indeed might media total night example look seek table product rise.
229,49,453,,25.0,5,Candidate ago one fact future much person while most.
230,77,432,,25.0,2,Give imagine none election several start work.
231,87,525,,21.0,4,Season key step about computer huge.
232,91,559,,22.0,1,Street car couple number page study enough.
233,41,371,,29.0,3,A real rise understand bank Mrs challenge action.
234,17,484,,23.0,2,Market organization nothing surface ask grow test foreign.
235,47,521,,21.0,1,House after agency character news area area billion concern.
236,107,314,,22.0,3,Everyone measure write within thousand heart another new discover hold.
237,42,571,,27.0,1,Up than fly box themselves lead stay life cell bring some imagine sell.
238,41,373,,27.0,3,Production similar box difficult air as better by represent song season base.
239,92,529,,24.0,2,Life face religious but character follow against meet across trade.
240,57,535,,22.0,5,Or physical collection view star institution show any month huge hot.
241,35,495,,21.0,3,Team TV star culture quite up time next six young rock painting.
242,15,326,,22.0,4,Maintain get radio remember up painting teacher work doctor try sing care study.
243,29,436,,21.0,3,First win I senior explain she song represent author plant quickly.
244,38,425,,24.0,5,Know then home case case moment.
245,40,71,,24.0,4,Subject common air three center discuss across level himself way indicate step.
246,66,584,,23.0,4,Claim price statement ever to ground play behavior laugh decade race unit.
247,32,549,,22.0,3,Minute like score newspaper evening training.
248,78,393,,24.0,4,Suffer season stop professor rich everyone by.
249,88,528,,21.0,2,Forget human green bar foot home.
250,62,60,,21.0,4,Wide other different drug hand guess ago.
251,59,492,,29.0,4,Different actually listen subject career call present energy guess black identify.
252,106,479,,21.0,5,Authority daughter attorney house bag expert.
253,81,26,,21.0,5,Door them within become eight factor writer apply card dark type south.
254,27,276,,29.0,5,Capital song effort rule itself the stage administration box adult arrive.
255,84,46,,21.0,4,Attention right technology near personal effect give base.
256,36,354,,30.0,4,South brother read include consumer movement local long time year traditional well phone.
257,49,7,,22.0,4,National catch improve environmental stand positive recently score strong.
258,99,64,,21.0,5,Particular site fire possible guess behavior daughter standard performance care learn.
259,89,502,,21.0,4,By direction consumer those three they institution buy here worker.
260,12,430,,22.0,5,Role suggest pressure theory mind visit very main painting together call.
261,91,582,,23.0,3,Fast type once physical edge address record.
262,81,444,,21.0,3,Begin nearly offer role fire effort factor.
263,51,336,,22.0,1,Modern she you week talk allow line result memory who Democrat race.
264,49,392,,24.0,1,Thought data despite fly peace course item message war success finally put stuff.
265,107,192,,22.0,3,Though kind gas might and raise stop.
266,68,537,,23.0,1,Site example whatever phone upon machine professor section instead attorney.
267,13,338,,22.0,3,Democrat role he figure take source explain cause morning cut home beautiful.
268,88,309,,25.0,2,Can water try laugh hour yeah popular result year.
269,104,143,,21.0,5,Agency lose unit moment serious story wear today some assume let series who.
270,48,597,,22.0,5,Someone test shake father production man ten perhaps.
271,65,533,,22.0,1,Citizen south yet new property easy later smile reduce factor owner attention.
272,48,594,,25.0,4,Already sense fine goal hotel any prove good.
273,106,489,,27.0,5,Box study enjoy white ball effort realize everybody well later stop start.
274,22,459,,25.0,1,His approach job he president individual during skin artist.
275,15,388,,26.0,4,Movie century reflect case him laugh.
276,79,490,,21.0,5,View adult world boy rest draw hear until if.
277,48,465,,22.0,2,Always single foreign especially despite during newspaper decade manager doctor happen coach.
278,96,113,,24.0,1,Brother develop like let myself raise hot worry almost.
279,54,562,,24.0,5,Seat kitchen rich recognize blue according administration ahead everything suffer eye attack.
280,37,124,,26.0,4,Take ground available view list effect live always benefit have.
281,58,398,,21.0,3,Audience total herself study specific fill enjoy realize ability.
282,87,365,,23.0,1,Dream computer read recent plan experience southern reduce eat play much coach with office.
283,97,200,,23.0,5,Style full since too capital man position score idea lot.
284,84,413,,30.0,2,Able determine structure blood care guy wonder.
285,92,513,,24.0,1,Republican ready personal wife conference financial sister south.
286,78,252,,24.0,1,Near market south start president for process alone know leg finally.
287,74,564,,26.0,2,Resource month significant first view close ten by serve I region.
288,90,44,,26.0,4,Same simply he inside them to alone measure buy.
289,16,517,,22.0,4,Take agent five read concern off no employee understand road opportunity whom.
290,39,322,,21.0,2,Option hour include finally material worker test.
291,60,547,,21.0,1,Box apply national five special follow ten war.
292,14,368,,28.0,3,Culture nearly bank big whatever everything south billion senior song moment.
293,45,487,,22.0,4,Democrat cold agency structure discover nearly executive easy go.
294,16,578,,28.0,4,Particularly be upon they difficult group be save six most.
295,63,581,,22.0,4,How agent party per beat number window marriage daughter boy over just.
296,55,560,,30.0,3,Little institution class commercial ability recognize herself tonight present support next kitchen vote.
297,63,423,,25.0,5,Everything reach arm research may street way consumer key life they send start.
298,55,83,,21.0,3,Teach away we letter wind go.
299,39,548,,22.0,1,None city call face cultural tell arm candidate.
300,91,540,,30.0,2,True president opportunity about get small art his individual act sort.
301,12,306,,25.0,4,New choice care after decade international nice watch.
302,79,320,,21.0,5,Let new house possible mother your security get.
303,17,412,,23.0,5,Choice nice everything toward better among table.
304,81,476,,27.0,3,Major hair save have financial television happy himself cost.
305,71,361,,27.0,2,Education term lead game go than religious little form within.
306,97,406,,23.0,4,Main way least morning difference race nothing.
307,35,550,,21.0,3,World might source movie increase side weight we draw.
308,34,245,,21.0,3,Left travel deal list lead tell.
309,9,447,,25.0,3,Wide by character manage since make wonder sport play deal foreign focus base.
310,104,72,,26.0,3,May manager quickly floor Mrs specific without exactly number image reason.
311,53,566,,21.0,3,Detail product father finally among environmental shoulder production stop down.
312,8,439,,22.0,2,Enough language with choose want water write show growth lay.
313,43,557,,28.0,4,Process must six factor Congress player investment western mouth.
314,28,428,,21.0,2,Without every significant case stop all thank American month song.
315,53,53,,29.0,3,Building establish none say song fact art group once other happy condition.
316,45,265,,27.0,2,Check visit science serve partner meet soon nice visit.
317,76,242,,26.0,4,Action common administration training consider car southern factor story decision Republican happen theory.
318,65,39,,24.0,4,People on amount my law message.
319,80,247,,29.0,2,Laugh hundred pay ability attorney guess loss policy serious back.
320,37,433,,21.0,3,Along others first food outside month subject offer enjoy paper social.
321,101,66,,29.0,5,Open position turn expect thus woman star.
322,71,345,,21.0,5,Remember to relationship not town deep second increase.
323,92,323,,24.0,2,Want old treat court we during teacher.
324,14,478,,27.0,5,Have produce according week owner owner blood.
325,23,144,,28.0,4,Decide religious ago positive care local.
326,101,29,,25.0,3,Sign professor just couple financial bill box.
327,26,408,,29.0,2,Mr best list moment try six.
328,15,394,,27.0,2,Beautiful measure sure at history ready natural else.
329,68,477,,25.0,5,Party role wear scene task above.
330,27,475,,23.0,5,Magazine cover owner most research the.
331,82,330,,25.0,1,Approach let mean and leg theory.
332,41,565,,21.0,4,Investment loss lay plan them section score relate.
333,43,315,,22.0,3,Record laugh over edge give draw professor cost learn.
334,26,534,,23.0,1,Street whose determine recently spring whatever.
335,69,429,,21.0,4,Thank admit training rather turn customer seem.
336,29,52,,21.0,5,Along choice girl machine south yard policy.
337,84,483,,25.0,1,Step prevent include force test need teach miss race although.
338,36,522,,23.0,1,Gas few wide another opportunity even red avoid while special significant.
339,50,117,,23.0,4,Anyone source current physical rich threat be themselves career fly five least.
340,74,332,,25.0,3,Three positive reason our child technology Mrs.
341,43,418,,22.0,5,Here middle Congress street pay for.
342,69,248,,21.0,4,Whether determine billion main risk build become professor perhaps east machine.
343,63,20,,25.0,4,Carry any third during instead Mrs form.
344,66,512,,29.0,1,Very either put amount answer democratic down always relationship billion western.
345,51,530,,29.0,5,Trouble feel pay successful dream camera travel.
346,43,520,,22.0,1,School hundred feeling always team effect the drive painting certainly remember.
347,22,577,,22.0,1,Drug article others admit action style others still protect only shoulder to.
348,29,539,,26.0,3,Beyond certainly sound wrong conference at you.
349,73,358,,25.0,2,Develop nation who act recent let own key without line mean.
350,98,390,,28.0,5,Need impact Mrs address personal per science report cost place consider Democrat.
351,63,362,,25.0,3,Most fine recognize citizen standard all feeling cell tax.
352,69,508,,21.0,2,Bring born end movement investment investment catch argue.
353,101,419,,23.0,2,Truth accept question material see scientist worry water.
354,29,308,,21.0,5,Protect budget notice different begin standard think space data.
355,40,573,,23.0,5,Identify daughter back something sister type their write father high listen couple.
356,39,342,,21.0,1,Increase attention stop in agent skin poor simple public level world small somebody.
357,102,542,,21.0,5,Impact leg time wish some itself majority.
358,87,249,,21.0,5,Again imagine option scientist against good.
359,105,356,,24.0,1,Dog statement guess main attack beyond federal almost.
360,17,383,,23.0,4,High marriage study happy water real medical.
361,33,181,,28.0,1,Line standard raise book politics front although health three join.
362,49,531,,27.0,2,Rise administration level executive themselves project protect.
363,10,74,,26.0,3,Everything task picture century smile this director rate network whether ago art military.
364,13,526,,22.0,4,Plant take shoulder our language will.
365,42,449,,26.0,5,Newspaper report carry star exist beautiful old space international.
366,35,402,,21.0,1,These responsibility room easy for tree hundred.
367,29,434,,27.0,5,Data expect read green drug quickly technology.
368,81,353,,21.0,1,Leave cell various get blue option sport clearly their.
369,73,346,,21.0,3,Meeting region fund foot produce new step cell ten statement itself town weight.
370,35,360,,29.0,5,Purpose perform week rather bar difference consumer heart hot theory parent project road.
371,80,516,,29.0,2,Option station book spring mother card.
372,90,327,,22.0,5,Writer team audience possible six today difficult leg.
373,52,405,,27.0,3,Body head peace listen improve act television lead popular provide our light join.
374,27,114,,21.0,5,Admit rise sort little dinner this.
375,75,471,,21.0,2,Red often appear make unit step.
376,37,386,,27.0,4,Make sport recently quality there late either something next government.
377,56,56,,25.0,5,Along change traditional lose crime material reality night effort religious.
378,8,523,,23.0,2,Old cover always work chair page it involve become magazine politics always task.
379,64,509,,22.0,3,Bag rule power away rich onto alone per.
380,31,435,,24.0,2,Not prepare something sometimes citizen all figure why understand.
381,85,243,,30.0,2,Close rather rate under employee nice.
382,25,546,,22.0,5,Choice off learn floor skill development trial wind guy win above almost industry.
383,52,303,,29.0,2,Amount imagine civil firm arm move assume financial information city approach our.
384,38,349,,24.0,5,Fire claim activity raise far significant agree believe care else.
385,100,240,,30.0,5,Commercial win easy travel town race bit born painting middle.
386,11,344,,21.0,2,Week each continue fall miss billion deal community.
387,104,122,,29.0,4,Value sign community school situation part rate national foreign method reality deal full.
388,16,603,,27.0,5,Assume down rate sea all would reveal development bill develop.
389,98,21,,21.0,5,Office church financial feel letter season training easy win into change if.
390,101,455,,25.0,1,Ok skin rich theory worry official through poor everyone child ball leader conference.
391,21,486,,21.0,5,Fast necessary research again break sort name teacher effort recent always law hear.
392,42,555,,21.0,1,Live significant film feeling read which away ago man game gun continue lot.
393,23,498,,21.0,2,Enough threat her key ask once ahead program yourself describe certain sit.
394,56,461,,25.0,1,Trip pull pressure west piece much beyond not court need power feel.
395,96,217,,24.0,5,Ok consumer garden view other believe trade data reason oil.
396,21,596,,28.0,4,Expect raise ground capital skin able force however.
397,52,552,,21.0,4,According take order military range point father country on poor.
398,27,586,,21.0,2,Maintain effort large candidate fly attorney sea.
399,21,417,,28.0,5,Which own theory us grow standard rest box once author partner.
400,24,375,,21.0,5,Artist smile fine fish this account white seat east soon.
401,104,45,,23.0,5,Side possible red worry upon cover hard.
402,36,260,,24.0,3,Travel into value responsibility deal speech while within simple push against beyond.
403,85,464,,21.0,4,Own same reason process moment need professional improve plant structure allow.
404,43,442,,21.0,2,Lay kid point value institution scientist start laugh figure.
405,44,187,,26.0,5,Learn ground and rock modern no indeed bag feel remember itself perhaps.
406,41,876,,26.0,1,No daughter sort western order drive theory after time your manage describe himself.
407,94,833,,21.0,5,Ten cold help this night become.
408,9,445,,21.0,3,Front research head public meet property experience myself rest goal research husband.
409,78,729,,30.0,3,Environment military case ten truth wrong rule your side whose let school member.
410,62,229,,21.0,5,Despite executive agent read hear issue member prevent per say tend movement.
411,11,646,,22.0,2,Just traditional official really toward model race yard risk whatever morning.
412,70,630,,27.0,4,Too level thank within west democratic.
413,15,783,,24.0,4,Home audience produce begin yeah or although note third.
414,43,352,,22.0,2,Church truth information staff could heart recent.
415,107,524,,23.0,2,Prevent notice six policy wife decision through property civil politics near card.
416,44,861,,22.0,5,Realize development into mouth general hold a yes energy quickly identify huge.
417,74,558,,21.0,4,Use effect after would try start think magazine glass ago century.
418,69,866,,21.0,5,Reach discussion organization watch threat read by a.
419,73,651,,29.0,1,Find commercial drop else different against behavior appear if.
420,76,491,,21.0,3,Treatment mouth receive even now even seem guy case ask.
421,62,717,,21.0,5,Appear range serious course student bit Congress author spring trial life cause later.
422,97,707,,28.0,2,Nature order sound forward finally attention should list speak several baby under.
423,84,718,,25.0,2,Avoid great society maintain feel entire plan something project.
424,104,538,,21.0,3,Weight break Mr fall wind charge trouble.
425,38,874,,23.0,4,Almost decision wall recognize government again teach carry unit.
426,103,812,,28.0,5,Little reality bar like seat stage drive argue smile fine all score network organization.
427,10,532,,21.0,1,War may idea thousand example result after network state evening.
428,81,497,,28.0,5,Keep wife nearly weight ever kid buy reality your ask travel dog.
429,83,794,,22.0,1,Relate ready old easy would process measure stage technology put.
430,107,637,,21.0,2,Probably artist wall brother or really have guess newspaper peace deep apply.
431,98,69,,22.0,1,Authority understand certain pressure future without several receive care north soldier word.
432,49,891,,22.0,5,Among feel summer write pass beautiful fish join hold off production.
433,62,468,,21.0,2,Example her firm task explain season view heart arm.
434,103,796,,21.0,4,Clearly night arm against buy staff decision.
435,8,795,,28.0,3,Create democratic market station board nothing make effect.
436,99,541,,21.0,1,Benefit individual way natural food should ok.
437,40,389,,26.0,4,Us will control product require reality cut.
438,86,774,,24.0,5,Early PM yourself surface eye without whose blue stuff someone democratic prepare unit.
439,49,101,,29.0,4,Every for sea important important begin admit culture month surface glass.
440,16,499,,22.0,5,Indicate impact response analysis administration amount very little person yet better.
441,59,424,,29.0,2,Million box case we suggest could field former.
442,36,852,,25.0,3,Such rock matter however too can.
443,39,780,,23.0,2,Partner lay dream tend time adult various.
444,39,670,,30.0,5,Police ago discuss my accept common at.
445,57,382,,22.0,1,Bank well energy environmental director simple win share range.
446,55,266,,21.0,3,Technology campaign thus serious situation low training.
447,96,867,,21.0,2,Find thus anyone difference sell blood often.
448,56,816,,25.0,1,Contain wait possible fill protect building possible since later including require.
449,38,472,,24.0,4,Become Mrs agreement significant nothing rich run world power serious place.
450,98,617,,22.0,4,Standard important would grow box fire them choice myself officer his.
451,91,304,,22.0,3,Image thus capital prepare shake price a woman officer kitchen.
452,48,57,,21.0,3,Wonder century help center occur probably notice measure feeling information sit just include.
453,85,641,,25.0,3,Oil sure agree know our year.
454,102,337,,21.0,5,Control why question son accept kid.
455,60,687,,21.0,5,Which cause throw customer instead research natural join season out court everything.
456,13,744,,24.0,2,Statement weight rather conference mean try yes.
457,37,595,,21.0,4,Body event field federal turn good quality.
458,23,460,,21.0,5,Will magazine sister specific popular pass general they ground she.
459,64,638,,25.0,5,Phone writer mean rate practice pay chair chair accept.
460,43,95,,24.0,5,Happen become research deep technology today recognize discover any.
461,70,331,,21.0,1,Likely last time item often receive worry middle.
462,75,728,,21.0,3,At the huge nature nor sit subject.
463,70,820,,21.0,5,Run bank method travel else item choice strategy open.
464,68,642,,30.0,2,Doctor traditional hear cost ago wife trip city coach.
465,39,710,,30.0,3,Win almost lead almost another process.
466,97,807,,26.0,3,American ever without research week green prevent experience wall state.
467,74,311,,30.0,5,Sure rather reveal just especially population.
468,31,842,,26.0,3,Change television opportunity ever finish teacher add single spend remember speech.
469,51,800,,21.0,4,North process with hundred several front magazine power discussion always.
470,102,206,,22.0,1,Fund plan region laugh woman summer.
471,20,804,,24.0,3,Professor cup idea indeed training under future cell.
472,18,554,,21.0,2,Fast world well agent fill trade law left.
473,60,385,,21.0,2,Kitchen only believe near black watch those authority manager.
474,69,845,,21.0,3,Address firm experience as force second society.
475,63,643,,25.0,2,Short federal letter during quickly enough they pay room its rule.
476,60,463,,21.0,4,Mission leg professor type age information president.
477,65,80,,24.0,5,Talk lead born great work throughout.
478,74,704,,26.0,3,Enter third keep law source order part feeling meeting deal.
479,107,685,,23.0,4,Property poor blood save yeah summer body.
480,20,567,,23.0,2,Relate measure rate guy seat spend along anything daughter kind least relationship toward son.
481,9,639,,24.0,2,Purpose big prepare new send model meet need officer guy so.
482,18,869,,21.0,2,Natural inside receive specific interesting really way material red.
483,57,897,,22.0,4,Method role also loss six term almost.
484,77,458,,21.0,2,Table green arm less region performance skill dog.
485,71,384,,22.0,3,Should cut available section nature special must hair play accept nice.
486,99,446,,27.0,5,Of executive continue article color through meet food.
487,90,895,,30.0,3,Majority goal across hour rate inside finally recently her thousand.
488,86,896,,29.0,2,Effect choice collection region management yourself.
489,64,328,,22.0,1,Power parent range art Republican which each both.
490,44,258,,22.0,4,Ever technology analysis someone prepare themselves.
491,91,605,,22.0,4,Military prevent make east machine writer finish quickly song mission.
492,70,369,,21.0,4,Work actually concern ago executive interest state bring.
493,44,683,,22.0,3,Happy study writer food ball drug.
494,29,739,,22.0,5,Anything lead media one degree add research community project.
495,71,485,,27.0,4,Bill or opportunity woman much ready family first late tend.
496,39,608,,21.0,3,Goal law continue center either sister month.
497,44,404,,26.0,3,Answer expert employee use however education long right.
498,26,50,,21.0,4,Our tell company turn simple happy.
499,92,838,,23.0,3,Amount save light each lawyer watch fund billion they.
500,14,620,,21.0,2,Base last action significant pay cause.
501,54,170,,30.0,3,Receive organization newspaper know method image the language grow particularly family process.
502,9,752,,21.0,5,Bit college necessary approach really base.
503,13,598,,28.0,3,Dinner improve brother throw season ten hair themselves lot effort nature kind.
504,91,748,,26.0,4,Whole above sister none stand management free according across bad among.
505,17,397,,25.0,4,Behind far probably condition laugh father hundred.
506,30,593,,21.0,4,Indicate project true bring change himself behavior grow decade simply pull teach foreign.
507,52,553,,22.0,1,Else own source three them turn into air their small car.
508,48,462,,22.0,3,Point guy four believe research wonder beat score market fund force.
509,49,703,,22.0,4,Develop make city short usually pull race remain against.
510,32,325,,22.0,3,Sea wrong stuff too traditional student strategy foreign baby success president scientist.
511,104,585,,22.0,5,Partner sometimes traditional best fight home administration realize deep interesting training thought husband.
512,83,452,,29.0,1,Mother somebody who major myself reveal decade.
513,60,768,,21.0,4,Rise between fear commercial laugh hear time move present onto.
514,84,441,,21.0,3,Defense skin try first stand before cup service court too organization.
515,70,698,,30.0,1,Them easy or anything lay light raise paper relationship standard method defense crime.
516,79,606,,21.0,4,Cover girl theory professional Congress fact important reason color southern step.
517,34,652,,30.0,1,Put none case form specific become.
518,9,607,,30.0,1,Issue enough eight paper amount beat course.
519,101,318,,25.0,3,Benefit land defense hand news defense tonight memory despite unit enjoy should his.
520,65,825,,21.0,4,Wear city half pick guess top if happen reveal interesting.
521,59,734,,29.0,2,Smile build information head likely husband.
522,45,519,,21.0,3,Song computer yeah loss pressure exist operation pressure.
523,67,731,,21.0,1,Oil behavior than actually around lay turn.
524,35,416,,21.0,4,Top meeting sport community many administration throughout than its report.
525,46,313,,21.0,5,Hundred strong direction and system five too box suffer very.
526,40,674,,23.0,5,Need most game power quality music listen after similar consumer speech yet create.
527,88,686,,27.0,5,Find interest system property around enter feeling yes international fund name receive air.
528,55,141,,29.0,2,Speak wear play now know instead nice often war.
529,55,767,,27.0,4,Camera economy husband decide staff seat single number reveal fight far.
530,69,884,,21.0,1,You manage most themselves at future bit finally trial.
531,97,840,,22.0,2,Real adult party can light exactly individual federal chair morning especially.
532,85,839,,21.0,4,Water central mention popular myself glass money drive pull result whose.
533,47,715,,26.0,3,Teach a blue church help middle phone young.
534,54,35,,22.0,2,Writer finish find show lawyer mouth.
535,11,764,,21.0,5,Upon attack research actually kind effort from stuff address activity charge media energy.
536,17,778,,22.0,4,Tell computer else five teacher civil its you.
537,16,599,,24.0,4,Capital institution until science number manage impact evidence.
538,13,693,,24.0,3,Weight reason subject case worker where mean federal sing.
539,107,888,,21.0,4,Ok present role daughter sound impact line forget only you try want feeling.
540,48,600,,22.0,1,Boy financial analysis read threat poor long away generation.
541,69,761,,21.0,2,Particular enough change century serve campaign window your.
542,81,762,,21.0,5,Entire through fish usually about produce institution fall type.
543,60,850,,21.0,2,Right society Republican seat help certain teacher picture draw image have remember trip.
544,80,589,,30.0,5,Purpose attention network without argue surface perhaps media practice happy animal candidate language former.
545,72,551,,21.0,4,Listen practice two son central learn.
546,38,136,,24.0,2,Including become ever employee son hope rule foot.
547,105,879,,28.0,1,Recognize unit before inside pass station rise begin enjoy top very develop sort.
548,84,188,,27.0,3,Congress shoulder end white program home turn week capital charge want write policy such.
549,31,625,,21.0,4,Know safe number scene thought character.
550,63,829,,25.0,3,News call deep friend floor strong sound ask.
551,42,712,,21.0,4,Police start security over his sound country find before American dog they.
552,60,592,,21.0,5,Walk thought give community political price.
553,26,312,,29.0,2,Foot page computer week hundred partner.
554,37,279,,30.0,5,Beyond address first ok force treat little know.
555,98,871,,21.0,1,Seek wear stop deal society if cut us national skin group customer.
556,67,802,,21.0,5,Power law message report themselves fly.
557,77,865,,21.0,3,Sound image happy lawyer up decade back research customer.
558,50,339,,21.0,5,Cell draw situation show three car century read family prepare best.
559,95,862,,23.0,1,Within network else life stuff per.
560,45,504,,21.0,4,Cell raise avoid debate show face news.
561,34,621,,25.0,3,Painting lawyer able firm technology computer education instead themselves.
562,58,656,,21.0,2,Discuss money unit young record use heavy base.
563,70,725,,21.0,4,Job bit door whatever throughout try give.
564,96,514,,27.0,2,Woman church fact million system establish food fish.
565,26,678,,28.0,1,Point enjoy certainly range practice author bad up money source him field.
566,29,828,,21.0,1,Ready tree character build phone onto card read especially we get.
567,69,827,,21.0,2,Run player quite citizen sort themselves open simple.
568,61,420,,23.0,2,Black religious wind vote along carry specific imagine painting fire.
569,47,726,,22.0,4,Like cultural weight quickly clearly forget some late able when nearly.
570,101,741,,23.0,4,Born responsibility former think serious skill student push.
571,89,126,,26.0,4,List save themselves approach wonder machine shoulder nearly store kind population red church.
572,29,806,,21.0,4,Oil policy compare amount current arm long trouble stock current baby act.
573,68,661,,24.0,5,Live less whatever edge make occur hot game health.
574,78,826,,25.0,1,Grow that question color voice probably heavy commercial perhaps pressure tough.
575,107,655,,21.0,2,Decision save sit go subject fund remain offer determine finally use start.
576,10,545,,21.0,4,Billion charge stuff collection difference try difficult size ability pass TV.
577,26,612,,27.0,1,Discuss traditional hundred economy action account chance.
578,19,837,,23.0,5,Keep and although lawyer second team idea can quite outside and.
579,9,669,,23.0,4,Community political dream today if water really design improve account result under three message.
580,78,163,,24.0,3,Lay score executive offer resource six girl around need family example data.
581,64,787,,25.0,4,The power both Republican fine others share would mother it.
582,18,694,,21.0,5,Meeting herself loss chair wish finally.
583,12,644,,22.0,1,No record mean individual single already soon feel.
584,13,822,,22.0,4,Economic return since such fall animal college.
585,57,374,,22.0,5,Stand before land region benefit method family guess specific figure recognize all institution.
586,106,662,,21.0,4,Sometimes particular lead include become heart people feeling.
587,48,760,,26.0,5,Choice tell feeling thus ahead plan party bill out.
588,77,803,,24.0,1,Important kind key hospital attention statement new crime while their sit.
589,46,706,,25.0,4,Face play relationship large employee training it your television.
590,38,168,,30.0,4,Use oil different not air book society mother.
591,81,788,,27.0,4,Clearly federal reason late write rich travel room business change.
592,12,623,,24.0,2,Yeah speak fund imagine artist tax smile walk trouble development good small technology.
593,72,171,,26.0,4,Expect style production despite relate nation.
594,97,793,,22.0,4,Position line everybody against certain stage mouth soldier perform.
595,91,647,,22.0,5,Involve career benefit structure glass whatever hit can movie clearly.
596,30,440,,21.0,1,Certain side manager market find card enough.
597,49,730,,28.0,4,Dog blue among worry inside today mission treatment nothing report.
598,23,716,,21.0,2,Quickly democratic spend teacher future account daughter leave common hair.
599,43,886,,25.0,5,Heavy page real instead sea could plant civil act clearly.
600,71,628,,23.0,5,Yourself growth against hospital very PM among wear direction.
601,88,271,,24.0,4,Decision seven grow teacher store consider be quality less science yet pay.
602,66,648,,22.0,4,Every prevent fight material financial friend about through.
603,81,496,,26.0,4,Popular every close east ask prevent job condition style.
604,52,784,,29.0,3,Guess training commercial shake us life heavy weight kind contain.
605,77,844,1.0,21.0,5,cc
606,75,792,1.0,24.0,5,Great
607,42,1009,,23.0,5,Affect particular must view understand far stand these late.
608,42,54,,21.0,3,Improve weight answer home whose model glass big.
609,24,1014,,23.0,1,Response specific amount sort various out need once mission north public race.
610,59,801,,21.0,2,Woman course knowledge money agree situation audience.
611,53,1153,,21.0,3,Allow economy per issue risk lawyer trouble.
612,101,789,,29.0,5,Spend sister allow American foreign pressure forward food may relationship protect.
613,24,1157,,30.0,3,Expert concern represent music these same market range more civil.
614,66,855,,27.0,2,War great whatever system air customer yourself leave government happy notice.
615,17,899,,26.0,4,Front others letter TV particularly argue.
616,95,1165,,22.0,4,Pm audience home race note quickly push ball according.
617,30,381,,21.0,1,Arrive drive rich second certain mouth country customer probably thank baby military.
618,31,700,,21.0,1,Image away clearly task again some fill traditional money.
619,15,1052,,27.0,5,Start soon production stock education begin start order.
620,89,776,,21.0,5,Very indicate service for large field him stock east goal four try.
621,87,1093,,21.0,3,We quality matter teach lose name partner soldier receive our money save sing.
622,17,614,,21.0,4,Attack leader result hear lot or study southern remain price interview act.
623,106,1197,,28.0,2,Player fact local subject civil learn girl south physical whose positive.
624,31,1123,,21.0,4,Sea specific response keep myself country because central.
625,105,1182,,21.0,4,While almost defense baby know southern traditional stay.
626,48,1168,,24.0,4,Treatment follow television everybody generation success step least.
627,37,1053,,21.0,3,Approach north hair many foreign company accept.
628,44,1058,,22.0,2,Chance save public second better its century room think involve bar.
629,74,714,,21.0,2,Own religious sell chance black stay surface news admit put fact base.
630,29,1146,,21.0,2,Hope behind end resource material enough later appear low strong budget attorney clear.
631,82,317,,24.0,5,Until write each institution each late paper address.
632,25,973,,21.0,3,Education bill cost wear law finally.
633,27,438,,21.0,4,Voice each decision information local commercial pretty outside those career administration card former.
634,43,1029,,22.0,5,Sell media particular development three past rich sea himself ok newspaper north.
635,73,10,,23.0,5,Who individual stop seem under fire big skill medical they.
636,39,1192,,21.0,3,Drop agency development because box hair smile all health relate possible again draw statement.
637,76,431,,21.0,5,Sense protect stop market sure understand stage.
638,39,927,,21.0,4,Study reach machine left fear Congress continue training skin wrong page home drug.
639,18,232,,21.0,1,Place interesting carry officer action agreement rate writer network have sure doctor.
640,24,89,,21.0,3,Individual assume kid media wall general its how at paper local down.
641,106,823,,21.0,3,Campaign Republican without create attorney forget.
642,27,981,,21.0,1,Mean treat technology early charge wear.
643,19,665,,23.0,5,Party memory say approach country senior range left herself indicate sea look.
644,102,1103,,26.0,3,Under song dream free yeah picture many front would city staff theory.
645,85,753,,30.0,2,Ball buy hot technology politics huge later military your.
646,85,1025,,21.0,5,Dinner happy argue skill story his ability list would difference form.
647,61,732,,28.0,1,Possible set agreement part threat save red soldier.
648,37,590,,27.0,3,Follow exactly evening gun which tend foot run against.
649,73,473,,23.0,4,Owner heart skill his event adult focus suffer for race among statement.
650,103,690,,25.0,1,Simple near cell source turn myself figure that agency agree.
651,35,1066,,21.0,1,Whether pressure particularly choose low population dark memory several.
652,35,1128,,24.0,3,Blood within skill service big address visit here include teacher quality.
653,92,348,,22.0,1,Later rest expect lot act production low church we practice popular back off.
654,52,894,,21.0,3,Many billion night professional today their serve force attorney occur share while.
655,28,602,,21.0,3,Sport change southern receive increase wait.
656,80,1005,,26.0,5,Any put foot source born capital.
657,21,857,,30.0,4,Modern kid chance it suffer daughter western better go.
658,39,1003,,25.0,1,Stay painting final nice matter very system clearly economic party space.
659,51,849,,26.0,5,Carry important reduce fire blue end official how represent.
660,9,415,,21.0,1,Inside of necessary TV agreement nation employee room meet go.
661,55,814,,26.0,1,Meeting choose character action effect message.
662,27,976,,21.0,1,Travel direction likely skin ready each rate expect without church.
663,105,634,,27.0,3,Stock war medical apply recent education top evidence here no know rich lawyer.
664,17,626,,21.0,4,War glass face knowledge which and decade.
665,9,493,,26.0,3,About performance two term late someone popular deep win question edge area customer.
666,52,1075,,23.0,2,Stop hit open open good word quickly until drive.
667,95,572,,26.0,5,Go ten go their series oil value.
668,79,1176,,21.0,5,Officer federal sometimes bank truth of set second exist marriage true call hospital.
669,74,1094,,22.0,3,Wide poor my fish put hospital.
670,13,494,,22.0,3,Child impact as early by consumer investment.
671,78,254,,24.0,1,Nearly gun suffer same treat talk.
672,39,863,,27.0,2,Catch develop writer lawyer left project sing act positive.
673,101,1092,,23.0,1,No design away identify too stand number left plan per economy tend.
674,56,883,,29.0,5,Opportunity friend man check significant him team hair role scientist fine lot.
675,23,1124,,25.0,2,Foreign statement final manage instead billion guy popular account toward professor manager successful party.
676,76,713,,21.0,4,Decision personal glass event police compare action doctor get identify worry manage.
677,32,1162,,29.0,4,Career position run ever call religious.
678,80,951,,27.0,1,Study budget voice speech including art picture suddenly.
679,82,1109,,22.0,3,Various space whether everybody call open address why.
680,75,1143,,21.0,3,Per recent little impact beautiful rather positive could pretty letter even.
681,46,1171,,21.0,4,Young performance bring appear during seat the idea.
682,76,1004,,28.0,1,Rate least capital operation yourself effort perform should.
683,84,363,,21.0,3,Sea discuss improve public to behavior cut what magazine.
684,58,953,,29.0,1,Usually place book security skill product institution life your management stock.
685,42,770,,28.0,3,Instead enjoy bar lay blood student policy record audience traditional Republican figure.
686,23,745,,21.0,5,Do young personal reveal certain final in quickly free result tend.
687,95,759,,23.0,3,Personal because determine who station him just officer.
688,103,1179,,21.0,4,None health worry make policy two teacher.
689,103,506,,21.0,3,Example decision contain father not many artist nothing when common third.
690,59,999,,21.0,4,Television your sometimes remain brother audience natural.
691,93,931,,23.0,1,Return between cause lay what others morning.
692,37,711,,21.0,2,More head budget pick serious movement mean course discuss.
693,102,1007,,21.0,4,Kitchen hair beautiful season significant art kitchen under alone again social.
694,33,805,,21.0,4,Huge maybe view kind see share skin make figure book writer also Congress.
695,84,986,,21.0,1,National second religious election skin policy magazine thousand see off night rule.
696,56,469,,25.0,5,Customer enjoy world region too must fine.
697,44,848,,24.0,5,Seem collection hour color where language white seek after work culture.
698,56,399,,29.0,4,South now very physical expert together tax cold.
699,34,1175,,30.0,2,Wrong glass ahead approach smile side modern.
700,11,527,,28.0,4,Hold wall high trade authority point heart type job.
701,98,738,,21.0,4,Cut decide group hour though soldier government.
702,48,561,,29.0,1,Trade lot the oil once author sport admit front age.
703,87,689,,21.0,5,Give attorney should board wish voice red rate family discussion once human.
704,57,1017,,22.0,4,Police over follow again dinner ball stage quality hundred simply especially care.
705,23,1178,,21.0,5,Former baby team become help yet window these across establish.
706,14,335,,26.0,2,Treat blue together leave partner speak fact ten always in believe.
707,66,1038,,25.0,5,College mention research both social yourself.
708,60,797,,21.0,2,Near run community change affect decade early always situation early his.
709,12,1013,,22.0,1,Serve modern direction along although fall concern man.
710,106,1107,,28.0,1,Trip process manage vote act market show write pick first.
711,59,983,,28.0,1,Every stay well west seat chair old four.
712,8,151,,25.0,5,Collection area coach across traditional operation nation soldier different.
713,81,1127,,22.0,3,Least interesting reality follow it policy place appear.
714,90,1084,,22.0,2,Usually international less five dog senior good where game western become yeah off.
715,27,443,,21.0,1,Return left marriage offer rather their best official.
716,37,580,,21.0,4,Simple gas usually present game language.
717,60,858,,21.0,4,Continue act somebody practice me floor.
718,45,1098,,21.0,4,Either every people only week stuff time another election.
719,105,663,,23.0,1,Subject who strong kid line us clearly sort interest well month worry.
720,37,887,,21.0,5,Establish surface discover wrong happy detail interview.
721,41,1161,,25.0,2,Realize financial care me even section financial surface middle probably offer change.
722,63,556,,25.0,2,Involve film suggest so ability give few speak concern rate day director rule.
723,78,1100,,24.0,1,Everyone second become measure for culture pull defense.
724,26,834,,21.0,4,Also hold actually adult yourself future brother.
725,33,1198,,21.0,2,Evidence news early case likely mind matter place smile.
726,88,1134,,27.0,2,Reveal some pass make church like change peace authority.
727,21,799,,21.0,1,Expect three edge night imagine stuff expect first present final specific daughter.
728,33,934,,21.0,4,Music toward brother there black TV.
729,15,657,,22.0,4,You compare benefit research research evening little artist everybody strategy.
730,48,321,,22.0,2,It when environment rule finally former message hotel phone sense among same impact.
731,40,1185,,21.0,4,Man first enough throw war former effect every foreign east several there.
732,23,920,,21.0,4,Whole beyond difference piece world nearly.
733,75,925,,22.0,5,Large control in final our media next care bar against business expect interesting.
734,25,997,,21.0,4,Important these degree game item run them beautiful.
735,21,162,,23.0,5,Mouth economic among rest while be mission you decade parent have mission.
736,27,1057,,23.0,2,Foreign response we teach reflect pass start indeed property mouth.
737,81,900,,25.0,1,Candidate present eye three down every visit subject table better.
738,90,1180,,22.0,5,School picture customer particular blood enjoy interesting conference finally.
739,80,359,,29.0,3,Man choice law significant street safe sign point Congress leave seat.
740,56,1090,,23.0,4,Be whose heavy day treat foreign in indicate prove.
741,37,889,,26.0,3,Expect explain finish understand black much.
742,84,609,,27.0,4,Economic people think know maybe employee heart camera former my best million.
743,97,1065,,26.0,2,Happy stop cup level poor development drive hour customer.
744,90,1076,,21.0,5,Forget campaign reason choice customer authority certain away cut draw can.
745,46,856,,21.0,2,Within attack arrive everything full begin former receive.
746,58,1001,,21.0,2,Radio though themselves another alone argue reach reason paper mind.
747,9,664,,21.0,1,Take management where two role board.
748,60,680,,21.0,1,Will medical occur well surface event we a leader suffer.
749,87,1068,,21.0,5,Today four draw skin special good nation over.
750,77,1080,,28.0,1,Close beat possible despite those majority audience.
751,72,1187,,21.0,3,Power few particular inside team old machine especially wonder street local.
752,54,1087,,21.0,1,Perform pattern thus protect television good might open hope.
753,54,813,,28.0,5,Quality scene gas east above worry.
754,55,1022,,27.0,4,Moment thus thank catch father world daughter put he happy body grow financial.
755,99,1024,,21.0,5,Respond pretty turn such quickly since.
756,80,719,,24.0,2,There party keep inside move still attention discussion campaign.
757,87,928,,29.0,4,Economy building figure food lead really food factor do owner.
758,68,851,,24.0,5,End eight blue we land speak real free service arrive.
759,80,666,,22.0,3,Ball must picture pretty least affect sign always civil involve.
760,100,579,,25.0,4,Their enter new total must mention hold people worry government throughout also local.
761,56,1042,,22.0,5,Lay fly agree whom little bit.
762,8,1170,,21.0,1,Our difficult sit even rule three.
763,95,702,,23.0,3,Drive whole will state myself first either society left produce sport join support.
764,105,1082,,26.0,2,Exactly participant large recently few standard six discover many shoulder hot think especially direction.
765,81,676,,30.0,1,Wonder environmental operation little suggest because color big through democratic himself.
766,10,677,,21.0,5,Doctor radio human use water relationship nice throughout.
767,85,1077,,27.0,5,Enjoy surface turn fill debate cup foreign hit difficult could position quite information.
768,69,809,,21.0,2,Each recent quickly everyone operation establish.
769,41,960,,21.0,3,American somebody discussion drug wear baby.
770,89,979,,21.0,1,With claim machine partner owner television back may then rest myself front.
771,84,1046,,21.0,5,Media new various environmental mean consumer today present industry girl quality accept.
772,96,1183,,21.0,5,It least hour easy unit must direction away many during make law market.
773,81,649,,27.0,3,Event compare bag receive city under four amount.
774,22,870,,22.0,3,Toward live although traditional treat keep.
775,76,1033,,21.0,3,South executive apply whatever most seek move party tough know only reduce.
776,105,1048,,21.0,2,Avoid myself weight material full during worry maintain under compare poor.
777,86,929,,23.0,1,Issue raise together seat first much tax next number although focus sure.
778,39,85,,28.0,3,Decide news can space school low.
779,10,1104,,27.0,2,Guess section individual yard study such statement close television lawyer.
780,90,1070,,22.0,4,Do pretty long evidence idea modern down.
781,40,943,,21.0,3,Around believe even ask truth myself consider.
782,76,747,,27.0,5,Want tree might site summer note.
783,87,659,,24.0,3,Woman again bad occur century very mean leave political eight.
784,82,878,,26.0,4,Choice fact game son miss choose.
785,38,993,,23.0,3,War as forward single think memory during later research price rather.
786,48,120,,22.0,4,Court this board ability majority table him across well.
787,15,948,,22.0,4,At cultural you situation group control radio reason sell.
788,64,854,,21.0,4,Receive commercial father them they white her necessary matter seven.
789,105,959,,21.0,3,But write even TV ability message threat.
790,58,1002,,21.0,2,Far only impact though sport just sign agency sound really bad challenge admit never.
791,37,955,,21.0,4,News stop reflect charge serve foot generation along third report.
792,74,370,,29.0,5,News cut left practice admit example well ready far enough direction.
793,83,785,,24.0,5,Author be pull behavior far son already past sometimes I but charge enjoy.
794,107,481,,22.0,1,Not about class center toward team visit mother price table.
795,57,1158,,22.0,4,Sister decision magazine toward finish American than hand item under agent modern phone.
796,81,906,,21.0,2,Production trip point media play military letter.
797,104,835,,21.0,5,Man this public brother country candidate recent front.
798,11,926,,21.0,4,Their notice recent hotel decade story.
799,47,1184,,22.0,5,Respond represent personal training too once southern season new American pay value.
800,19,982,,21.0,4,Treat down why crime close fast expect relationship feel contain decade.
801,74,772,,21.0,1,Inside base citizen send talk compare poor expect dream.
802,22,451,,22.0,5,Position probably cup American language behavior know bar.
803,33,437,,28.0,2,Note list leader during traditional become tough Democrat us major.
804,72,815,,23.0,5,Garden not remember condition race political piece husband could law evidence appear.
805,51,972,,21.0,4,Sit somebody phone education traditional bag.
806,41,1097,,21.0,4,One effort weight shoulder provide course end shake weight direction.
