id,email,username,user_type,user_id,total_spent,order_count,cluster
1,a@a.com,alpha,super_admin,0.0,0.0,0.0,2
2,a@w.com,waiter alpha,waiter,2.0,24.26,5.0,2
3,a@u.com,user one,user,0.0,0.0,0.0,2
4,a@o.com,owner,restaurant_owner,0.0,0.0,0.0,2
7,owner1@example.com,owner1234,restaurant_owner,0.0,0.0,0.0,2
8,seeded.user.1@example.com,seeded_user_1,user,8.0,3346.22,18.0,0
9,seeded.user.2@example.com,seeded_user_2,user,9.0,2773.3199999999997,13.0,1
10,seeded.user.3@example.com,seeded_user_3,user,10.0,1659.76,8.0,2
11,seeded.user.4@example.com,seeded_user_4,user,11.0,2071.62,12.0,1
12,seeded.user.5@example.com,seeded_user_5,user,12.0,1602.71,9.0,2
13,seeded.user.6@example.com,seeded_user_6,user,13.0,2504.3900000000003,13.0,1
14,seeded.user.7@example.com,seeded_user_7,user,14.0,1397.92,11.0,2
15,seeded.user.8@example.com,seeded_user_8,user,15.0,2447.18,14.0,1
16,seeded.user.9@example.com,seeded_user_9,user,16.0,2353.95,13.0,1
17,seeded.user.10@example.com,seeded_user_10,user,17.0,3257.68,18.0,0
18,seeded.user.11@example.com,seeded_user_11,user,18.0,2229.36,15.0,1
19,seeded.user.12@example.com,seeded_user_12,user,19.0,1901.12,10.0,1
20,seeded.user.13@example.com,seeded_user_13,user,20.0,892.48,6.0,2
21,seeded.user.14@example.com,seeded_user_14,user,21.0,2902.5,14.0,0
22,seeded.user.15@example.com,seeded_user_15,user,22.0,2962.93,10.0,0
23,seeded.user.16@example.com,seeded_user_16,user,23.0,3483.58,12.0,0
24,seeded.user.17@example.com,seeded_user_17,user,24.0,1524.4499999999998,7.0,2
25,seeded.user.18@example.com,seeded_user_18,user,25.0,3786.43,11.0,0
26,seeded.user.19@example.com,seeded_user_19,user,26.0,1428.96,12.0,2
27,seeded.user.20@example.com,seeded_user_20,user,27.0,2120.01,10.0,1
28,seeded.user.21@example.com,seeded_user_21,user,28.0,1670.08,11.0,2
29,seeded.user.22@example.com,seeded_user_22,user,29.0,4804.91,18.0,0
30,seeded.user.23@example.com,seeded_user_23,user,30.0,1203.83,6.0,2
31,seeded.user.24@example.com,seeded_user_24,user,31.0,2582.88,16.0,1
32,seeded.user.25@example.com,seeded_user_25,user,32.0,3205.2599999999998,14.0,0
33,seeded.user.26@example.com,seeded_user_26,user,33.0,1099.2,10.0,2
34,seeded.user.27@example.com,seeded_user_27,user,34.0,1430.07,9.0,2
35,seeded.user.28@example.com,seeded_user_28,user,35.0,2914.33,14.0,0
36,seeded.user.29@example.com,seeded_user_29,user,36.0,1683.1799999999998,11.0,2
37,seeded.user.30@example.com,seeded_user_30,user,37.0,3311.28,19.0,0
38,seeded.user.31@example.com,seeded_user_31,user,38.0,3204.31,17.0,0
39,seeded.user.32@example.com,seeded_user_32,user,39.0,4553.57,21.0,0
40,seeded.user.33@example.com,seeded_user_33,user,40.0,2424.79,10.0,1
41,seeded.user.34@example.com,seeded_user_34,user,41.0,3266.0,15.0,0
42,seeded.user.35@example.com,seeded_user_35,user,42.0,1776.41,13.0,1
43,seeded.user.36@example.com,seeded_user_36,user,43.0,2377.45,15.0,1
44,seeded.user.37@example.com,seeded_user_37,user,44.0,1558.8999999999999,10.0,2
45,seeded.user.38@example.com,seeded_user_38,user,45.0,1944.25,12.0,1
46,seeded.user.39@example.com,seeded_user_39,user,46.0,2845.0699999999997,10.0,0
47,seeded.user.40@example.com,seeded_user_40,user,47.0,2143.29,10.0,1
48,seeded.user.41@example.com,seeded_user_41,user,48.0,3499.22,17.0,0
49,seeded.user.42@example.com,seeded_user_42,user,49.0,2201.0299999999997,16.0,1
50,seeded.user.43@example.com,seeded_user_43,user,50.0,1937.07,9.0,1
51,seeded.user.44@example.com,seeded_user_44,user,51.0,3300.3,13.0,0
52,seeded.user.45@example.com,seeded_user_45,user,52.0,1951.91,14.0,1
53,seeded.user.46@example.com,seeded_user_46,user,53.0,1472.76,9.0,2
54,seeded.user.47@example.com,seeded_user_47,user,54.0,1526.06,11.0,2
55,seeded.user.48@example.com,seeded_user_48,user,55.0,2173.7400000000002,12.0,1
56,seeded.user.49@example.com,seeded_user_49,user,56.0,1156.06,11.0,2
57,seeded.user.50@example.com,seeded_user_50,user,57.0,1418.45,13.0,2
58,seeded.user.51@example.com,seeded_user_51,user,58.0,1541.81,12.0,2
59,seeded.user.52@example.com,seeded_user_52,user,59.0,1497.18,11.0,2
60,seeded.user.53@example.com,seeded_user_53,user,60.0,2874.33,15.0,0
61,seeded.user.54@example.com,seeded_user_54,user,61.0,1156.6599999999999,5.0,2
62,seeded.user.55@example.com,seeded_user_55,user,62.0,1872.56,10.0,1
63,seeded.user.56@example.com,seeded_user_56,user,63.0,1224.58,13.0,2
64,seeded.user.57@example.com,seeded_user_57,user,64.0,3064.6,15.0,0
65,seeded.user.58@example.com,seeded_user_58,user,65.0,2674.37,10.0,1
66,seeded.user.59@example.com,seeded_user_59,user,66.0,1638.49,12.0,2
67,seeded.user.60@example.com,seeded_user_60,user,67.0,1310.06,9.0,2
68,seeded.user.61@example.com,seeded_user_61,user,68.0,1764.52,11.0,1
69,seeded.user.62@example.com,seeded_user_62,user,69.0,4785.96,16.0,0
70,seeded.user.63@example.com,seeded_user_63,user,70.0,2100.22,11.0,1
71,seeded.user.64@example.com,seeded_user_64,user,71.0,1012.49,9.0,2
72,seeded.user.65@example.com,seeded_user_65,user,72.0,1287.71,7.0,2
73,seeded.user.66@example.com,seeded_user_66,user,73.0,2784.75,12.0,1
74,seeded.user.67@example.com,seeded_user_67,user,74.0,2482.64,15.0,1
75,seeded.user.68@example.com,seeded_user_68,user,75.0,2195.4500000000003,14.0,1
76,seeded.user.69@example.com,seeded_user_69,user,76.0,2096.2400000000002,15.0,1
77,seeded.user.70@example.com,seeded_user_70,user,77.0,1426.94,10.0,2
78,seeded.user.71@example.com,seeded_user_71,user,78.0,2189.19,12.0,1
79,seeded.user.72@example.com,seeded_user_72,user,79.0,1966.1,12.0,1
80,seeded.user.73@example.com,seeded_user_73,user,80.0,2687.12,15.0,1
81,seeded.user.74@example.com,seeded_user_74,user,81.0,3327.3,17.0,0
82,seeded.user.75@example.com,seeded_user_75,user,82.0,1113.71,10.0,2
83,seeded.user.76@example.com,seeded_user_76,user,83.0,1457.03,10.0,2
84,seeded.user.77@example.com,seeded_user_77,user,84.0,4210.85,20.0,0
85,seeded.user.78@example.com,seeded_user_78,user,85.0,1943.47,11.0,1
86,seeded.user.79@example.com,seeded_user_79,user,86.0,1456.66,11.0,2
87,seeded.user.80@example.com,seeded_user_80,user,87.0,2095.19,11.0,1
88,seeded.user.81@example.com,seeded_user_81,user,88.0,1366.1,9.0,2
89,seeded.user.82@example.com,seeded_user_82,user,89.0,2480.23,17.0,1
90,seeded.user.83@example.com,seeded_user_83,user,90.0,2896.09,12.0,0
91,seeded.user.84@example.com,seeded_user_84,user,91.0,2294.2599999999998,14.0,1
92,seeded.user.85@example.com,seeded_user_85,user,92.0,3432.95,12.0,0
93,seeded.user.86@example.com,seeded_user_86,user,93.0,1320.42,6.0,2
94,seeded.user.87@example.com,seeded_user_87,user,94.0,1833.5900000000001,8.0,1
95,seeded.user.88@example.com,seeded_user_88,user,95.0,1405.49,9.0,2
96,seeded.user.89@example.com,seeded_user_89,user,96.0,1737.77,10.0,1
97,seeded.user.90@example.com,seeded_user_90,user,97.0,2366.78,14.0,1
98,seeded.user.91@example.com,seeded_user_91,user,98.0,2434.2200000000003,11.0,1
99,seeded.user.92@example.com,seeded_user_92,user,99.0,2465.63,10.0,1
100,seeded.user.93@example.com,seeded_user_93,user,100.0,1019.26,6.0,2
101,seeded.user.94@example.com,seeded_user_94,user,101.0,2034.96,10.0,1
102,seeded.user.95@example.com,seeded_user_95,user,102.0,2640.23,12.0,1
103,seeded.user.96@example.com,seeded_user_96,user,103.0,2079.79,11.0,1
104,seeded.user.97@example.com,seeded_user_97,user,104.0,1851.95,9.0,1
105,seeded.user.98@example.com,seeded_user_98,user,105.0,2869.96,13.0,0
106,seeded.user.99@example.com,seeded_user_99,user,106.0,1644.81,10.0,2
107,seeded.user.100@example.com,seeded_user_100,user,107.0,3009.82,14.0,0
