id,user_id,created_at
1,8,2025-12-08 04:14:31.324580+00:00
2,9,2025-12-08 04:14:31.344596+00:00
3,10,2025-12-08 04:14:31.363891+00:00
4,11,2025-12-08 04:14:31.384455+00:00
5,12,2025-12-08 04:14:31.401413+00:00
6,13,2025-12-08 04:14:31.407907+00:00
7,14,2025-12-08 04:14:31.421125+00:00
8,15,2025-12-08 04:14:31.431652+00:00
9,16,2025-12-08 04:14:31.440908+00:00
10,17,2025-12-08 04:14:31.448152+00:00
11,18,2025-12-08 04:14:31.451582+00:00
12,19,2025-12-08 04:14:31.462332+00:00
13,20,2025-12-08 04:14:31.465712+00:00
14,21,2025-12-08 04:14:31.469027+00:00
15,22,2025-12-08 04:14:31.478533+00:00
16,23,2025-12-08 04:14:31.489396+00:00
17,24,2025-12-08 04:14:31.498155+00:00
18,25,2025-12-08 04:14:31.509373+00:00
19,26,2025-12-08 04:14:31.520688+00:00
20,27,2025-12-08 04:14:31.527705+00:00
21,28,2025-12-08 04:14:31.536302+00:00
22,29,2025-12-08 04:14:31.539724+00:00
23,30,2025-12-08 04:14:31.549061+00:00
24,31,2025-12-08 04:14:31.552543+00:00
25,32,2025-12-08 04:14:31.561405+00:00
26,33,2025-12-08 04:14:31.578915+00:00
27,34,2025-12-08 04:14:31.584516+00:00
28,35,2025-12-08 04:14:31.597578+00:00
29,36,2025-12-08 04:14:31.619089+00:00
30,37,2025-12-08 04:14:31.639539+00:00
31,38,2025-12-08 04:14:31.652819+00:00
32,39,2025-12-08 04:14:31.673985+00:00
33,40,2025-12-08 04:14:31.800057+00:00
34,41,2025-12-08 04:14:31.814227+00:00
35,42,2025-12-08 04:14:31.821490+00:00
36,43,2025-12-08 04:14:31.838635+00:00
37,44,2025-12-08 04:14:31.848825+00:00
38,45,2025-12-08 04:14:31.861144+00:00
39,46,2025-12-08 04:14:31.875162+00:00
40,47,2025-12-08 04:14:31.916151+00:00
41,48,2025-12-08 04:14:31.929976+00:00
42,49,2025-12-08 04:14:31.983906+00:00
43,50,2025-12-08 04:14:31.998483+00:00
44,51,2025-12-08 04:14:32.010114+00:00
45,52,2025-12-08 04:14:32.026687+00:00
46,53,2025-12-08 04:14:32.037460+00:00
47,54,2025-12-08 04:14:32.048244+00:00
48,55,2025-12-08 04:14:32.070488+00:00
49,56,2025-12-08 04:14:32.092271+00:00
50,57,2025-12-08 04:14:32.099347+00:00
51,58,2025-12-08 04:14:32.106673+00:00
52,59,2025-12-08 04:14:32.113456+00:00
53,60,2025-12-08 04:14:32.120321+00:00
54,61,2025-12-08 04:14:32.150732+00:00
55,62,2025-12-08 04:14:32.171133+00:00
56,63,2025-12-08 04:14:32.193414+00:00
57,64,2025-12-08 04:14:32.203243+00:00
58,65,2025-12-08 04:14:32.220941+00:00
59,66,2025-12-08 04:14:32.238089+00:00
60,67,2025-12-08 04:14:32.259512+00:00
61,68,2025-12-08 04:14:32.272490+00:00
62,69,2025-12-08 04:14:32.290730+00:00
63,70,2025-12-08 04:14:32.310933+00:00
64,71,2025-12-08 04:14:32.323429+00:00
65,72,2025-12-08 04:14:32.329127+00:00
66,73,2025-12-08 04:14:32.351597+00:00
67,74,2025-12-08 04:14:32.367759+00:00
68,75,2025-12-08 04:14:32.373972+00:00
69,76,2025-12-08 04:14:32.392769+00:00
70,77,2025-12-08 04:14:32.402870+00:00
71,78,2025-12-08 04:14:32.433541+00:00
72,79,2025-12-08 04:14:32.459773+00:00
73,80,2025-12-08 04:14:32.478794+00:00
74,81,2025-12-08 04:14:32.513052+00:00
75,82,2025-12-08 04:14:32.553714+00:00
76,83,2025-12-08 04:14:32.576862+00:00
77,84,2025-12-08 04:14:32.588436+00:00
78,85,2025-12-08 04:14:32.642033+00:00
79,86,2025-12-08 04:14:32.661426+00:00
80,87,2025-12-08 04:14:32.670727+00:00
81,88,2025-12-08 04:14:32.687041+00:00
82,89,2025-12-08 04:14:32.697344+00:00
83,90,2025-12-08 04:14:32.703926+00:00
84,91,2025-12-08 04:14:32.717887+00:00
85,92,2025-12-08 04:14:32.724788+00:00
86,93,2025-12-08 04:14:32.775682+00:00
87,94,2025-12-08 04:14:32.798712+00:00
88,95,2025-12-08 04:14:32.846930+00:00
89,96,2025-12-08 04:14:32.858980+00:00
90,97,2025-12-08 04:14:32.887917+00:00
91,98,2025-12-08 04:14:32.908460+00:00
92,99,2025-12-08 04:14:32.928938+00:00
93,100,2025-12-08 04:14:32.947314+00:00
94,101,2025-12-08 04:14:32.957363+00:00
95,102,2025-12-08 04:14:32.978742+00:00
96,103,2025-12-08 04:14:33.000841+00:00
97,104,2025-12-08 04:14:33.015129+00:00
98,105,2025-12-08 04:14:33.032040+00:00
99,106,2025-12-08 04:14:33.057725+00:00
100,107,2025-12-08 04:14:33.076415+00:00
