id,user_id,total_price,created_at
1,2,0.00,2025-12-03 21:22:28.805152+00:00
2,2,0.00,2025-12-03 23:06:41.215970+00:00
3,2,0.00,2025-12-03 23:10:28.942557+00:00
4,2,0.00,2025-12-03 23:12:27.737357+00:00
5,11,131.90,2025-12-08 04:14:33.100958+00:00
6,31,95.62,2025-12-08 04:14:33.124881+00:00
7,49,42.82,2025-12-08 04:14:33.144224+00:00
8,74,58.90,2025-12-08 04:14:33.159247+00:00
9,57,95.08,2025-12-08 04:14:33.170748+00:00
10,73,82.62,2025-12-08 04:14:33.182901+00:00
11,85,130.40,2025-12-08 04:14:33.232654+00:00
12,66,38.76,2025-12-08 04:14:33.243896+00:00
13,45,140.33,2025-12-08 04:14:33.254553+00:00
14,98,198.46,2025-12-08 04:14:33.271743+00:00
15,22,11.24,2025-12-08 04:14:33.291288+00:00
16,9,146.48,2025-12-08 04:14:33.300262+00:00
17,26,40.22,2025-12-08 04:14:33.318922+00:00
18,96,186.59,2025-12-08 04:14:33.334717+00:00
19,46,139.83,2025-12-08 04:14:33.354297+00:00
20,63,43.73,2025-12-08 04:14:33.376848+00:00
21,98,198.46,2025-12-08 04:14:33.404226+00:00
22,76,124.17,2025-12-08 04:14:33.438077+00:00
23,39,199.49,2025-12-08 04:14:33.450690+00:00
24,15,154.98,2025-12-08 04:14:33.502162+00:00
25,73,46.92,2025-12-08 04:14:33.542645+00:00
26,81,193.21,2025-12-08 04:14:33.557134+00:00
27,37,40.09,2025-12-08 04:14:33.601431+00:00
28,14,118.60,2025-12-08 04:14:33.620665+00:00
29,101,189.35,2025-12-08 04:14:33.676914+00:00
30,84,188.41,2025-12-08 04:14:33.724406+00:00
31,35,207.67,2025-12-08 04:14:33.749474+00:00
32,57,131.53,2025-12-08 04:14:33.794984+00:00
33,89,45.94,2025-12-08 04:14:33.837695+00:00
34,91,54.32,2025-12-08 04:14:33.875690+00:00
35,54,130.85,2025-12-08 04:14:33.921009+00:00
36,75,117.45,2025-12-08 04:14:33.980588+00:00
37,20,49.16,2025-12-08 04:14:34.017842+00:00
38,39,199.49,2025-12-08 04:14:34.047312+00:00
39,65,136.31,2025-12-08 04:14:34.112067+00:00
40,32,183.53,2025-12-08 04:14:34.156613+00:00
41,17,32.64,2025-12-08 04:14:34.200156+00:00
42,23,107.53,2025-12-08 04:14:34.223039+00:00
43,59,137.38,2025-12-08 04:14:34.263827+00:00
44,90,166.85,2025-12-08 04:14:34.280697+00:00
45,104,221.58,2025-12-08 04:14:34.298597+00:00
46,84,108.40,2025-12-08 04:14:34.311727+00:00
47,63,50.01,2025-12-08 04:14:34.333921+00:00
48,33,15.03,2025-12-08 04:14:34.345628+00:00
49,52,44.21,2025-12-08 04:14:34.387733+00:00
50,26,40.22,2025-12-08 04:14:34.417656+00:00
51,24,125.12,2025-12-08 04:14:34.452230+00:00
52,29,150.03,2025-12-08 04:14:34.486497+00:00
53,53,24.99,2025-12-08 04:14:34.526051+00:00
54,42,20.67,2025-12-08 04:14:34.543505+00:00
55,40,134.09,2025-12-08 04:14:34.560517+00:00
56,56,26.12,2025-12-08 04:14:34.585159+00:00
57,48,109.41,2025-12-08 04:14:34.609148+00:00
58,79,52.50,2025-12-08 04:14:34.631653+00:00
59,64,145.42,2025-12-08 04:14:34.657046+00:00
60,62,161.10,2025-12-08 04:14:34.683317+00:00
61,78,93.24,2025-12-08 04:14:34.730169+00:00
62,64,26.25,2025-12-08 04:14:34.762065+00:00
63,62,161.10,2025-12-08 04:14:34.780078+00:00
64,99,158.04,2025-12-08 04:14:34.817584+00:00
65,20,30.50,2025-12-08 04:14:34.852069+00:00
66,101,112.13,2025-12-08 04:14:34.858880+00:00
67,13,139.99,2025-12-08 04:14:34.868913+00:00
68,65,136.31,2025-12-08 04:14:34.884308+00:00
69,98,205.56,2025-12-08 04:14:34.903312+00:00
70,54,130.85,2025-12-08 04:14:34.915360+00:00
71,40,117.73,2025-12-08 04:14:34.938654+00:00
72,104,43.40,2025-12-08 04:14:34.952914+00:00
73,52,41.44,2025-12-08 04:14:34.960156+00:00
74,10,99.05,2025-12-08 04:14:34.968304+00:00
75,107,149.14,2025-12-08 04:14:34.979035+00:00
76,14,83.37,2025-12-08 04:14:35.002083+00:00
77,92,189.16,2025-12-08 04:14:35.009397+00:00
78,18,140.52,2025-12-08 04:14:35.020424+00:00
79,13,139.99,2025-12-08 04:14:35.042959+00:00
80,65,136.31,2025-12-08 04:14:35.062826+00:00
81,54,130.85,2025-12-08 04:14:35.084545+00:00
82,32,183.53,2025-12-08 04:14:35.105187+00:00
83,55,322.48,2025-12-08 04:14:35.125972+00:00
84,71,78.78,2025-12-08 04:14:35.145642+00:00
85,39,50.48,2025-12-08 04:14:35.154892+00:00
86,91,54.32,2025-12-08 04:14:35.177544+00:00
87,78,93.24,2025-12-08 04:14:35.202118+00:00
88,19,35.82,2025-12-08 04:14:35.224677+00:00
89,24,184.58,2025-12-08 04:14:35.232533+00:00
90,8,137.95,2025-12-08 04:14:35.253784+00:00
91,44,106.33,2025-12-08 04:14:35.271667+00:00
92,92,251.68,2025-12-08 04:14:35.298099+00:00
93,106,59.14,2025-12-08 04:14:35.340950+00:00
94,37,99.61,2025-12-08 04:14:35.363273+00:00
95,43,49.80,2025-12-08 04:14:35.382418+00:00
96,79,115.15,2025-12-08 04:14:35.399820+00:00
97,70,90.66,2025-12-08 04:14:35.433837+00:00
98,58,18.28,2025-12-08 04:14:35.495562+00:00
99,74,105.86,2025-12-08 04:14:35.528814+00:00
100,11,131.90,2025-12-08 04:14:35.556952+00:00
101,49,90.99,2025-12-08 04:14:35.598457+00:00
102,88,32.04,2025-12-08 04:14:35.618684+00:00
103,74,58.90,2025-12-08 04:14:35.660277+00:00
104,25,197.32,2025-12-08 04:14:35.705961+00:00
105,79,93.31,2025-12-08 04:14:35.751961+00:00
106,58,28.08,2025-12-08 04:14:35.782745+00:00
107,45,20.38,2025-12-08 04:14:35.790863+00:00
108,17,48.14,2025-12-08 04:14:35.799665+00:00
109,96,186.59,2025-12-08 04:14:35.813288+00:00
110,93,185.56,2025-12-08 04:14:35.835425+00:00
111,13,46.29,2025-12-08 04:14:35.845365+00:00
112,84,108.40,2025-12-08 04:14:35.856072+00:00
113,96,186.59,2025-12-08 04:14:35.883829+00:00
114,27,99.76,2025-12-08 04:14:35.913518+00:00
115,88,67.51,2025-12-08 04:14:35.931855+00:00
116,21,129.35,2025-12-08 04:14:35.939858+00:00
117,50,239.61,2025-12-08 04:14:35.947211+00:00
118,8,137.95,2025-12-08 04:14:35.957827+00:00
119,32,183.53,2025-12-08 04:14:35.976100+00:00
120,48,202.69,2025-12-08 04:14:35.993814+00:00
121,53,112.02,2025-12-08 04:14:36.003408+00:00
122,104,42.33,2025-12-08 04:14:36.010775+00:00
123,19,75.39,2025-12-08 04:14:36.017987+00:00
124,37,100.19,2025-12-08 04:14:36.025619+00:00
125,86,13.94,2025-12-08 04:14:36.035381+00:00
126,89,60.92,2025-12-08 04:14:36.049101+00:00
127,31,95.62,2025-12-08 04:14:36.060520+00:00
128,65,141.73,2025-12-08 04:14:36.088520+00:00
129,96,65.01,2025-12-08 04:14:36.104035+00:00
130,41,14.47,2025-12-08 04:14:36.111610+00:00
131,45,140.33,2025-12-08 04:14:36.123480+00:00
132,41,49.80,2025-12-08 04:14:36.135685+00:00
133,23,107.53,2025-12-08 04:14:36.142631+00:00
134,32,183.53,2025-12-08 04:14:36.164246+00:00
135,58,96.07,2025-12-08 04:14:36.191999+00:00
136,38,206.90,2025-12-08 04:14:36.200116+00:00
137,18,140.52,2025-12-08 04:14:36.218287+00:00
138,18,182.91,2025-12-08 04:14:36.233983+00:00
139,106,161.14,2025-12-08 04:14:36.242140+00:00
140,67,80.28,2025-12-08 04:14:36.251871+00:00
141,55,109.34,2025-12-08 04:14:36.263764+00:00
142,84,108.40,2025-12-08 04:14:36.271377+00:00
143,104,211.34,2025-12-08 04:14:36.289390+00:00
144,23,142.64,2025-12-08 04:14:36.302734+00:00
145,19,41.97,2025-12-08 04:14:36.312140+00:00
146,10,130.44,2025-12-08 04:14:36.320102+00:00
147,82,170.45,2025-12-08 04:14:36.327296+00:00
148,28,45.54,2025-12-08 04:14:36.335483+00:00
149,67,48.96,2025-12-08 04:14:36.343164+00:00
150,68,192.25,2025-12-08 04:14:36.349859+00:00
151,8,38.78,2025-12-08 04:14:36.361983+00:00
152,103,165.54,2025-12-08 04:14:36.367366+00:00
153,74,58.90,2025-12-08 04:14:36.376497+00:00
154,29,208.75,2025-12-08 04:14:36.382607+00:00
155,87,78.58,2025-12-08 04:14:36.388840+00:00
156,95,75.57,2025-12-08 04:14:36.396399+00:00
157,86,135.49,2025-12-08 04:14:36.404860+00:00
158,59,11.74,2025-12-08 04:14:36.414402+00:00
159,52,44.21,2025-12-08 04:14:36.425790+00:00
160,83,10.92,2025-12-08 04:14:36.438420+00:00
161,95,75.57,2025-12-08 04:14:36.447208+00:00
162,21,80.43,2025-12-08 04:14:36.459996+00:00
163,78,93.24,2025-12-08 04:14:36.468515+00:00
164,80,133.15,2025-12-08 04:14:36.482835+00:00
165,45,140.33,2025-12-08 04:14:36.500737+00:00
166,84,108.40,2025-12-08 04:14:36.517168+00:00
167,17,48.14,2025-12-08 04:14:36.536944+00:00
168,38,118.62,2025-12-08 04:14:36.547147+00:00
169,17,13.27,2025-12-08 04:14:36.554909+00:00
170,54,54.36,2025-12-08 04:14:36.561789+00:00
171,72,199.52,2025-12-08 04:14:36.570328+00:00
172,64,106.17,2025-12-08 04:14:36.583095+00:00
173,15,50.58,2025-12-08 04:14:36.588421+00:00
174,67,11.74,2025-12-08 04:14:36.594785+00:00
175,92,117.84,2025-12-08 04:14:36.602087+00:00
176,82,86.34,2025-12-08 04:14:36.616482+00:00
177,66,138.34,2025-12-08 04:14:36.635985+00:00
178,107,149.14,2025-12-08 04:14:36.649004+00:00
179,50,93.41,2025-12-08 04:14:36.670978+00:00
180,35,183.80,2025-12-08 04:14:36.681574+00:00
181,33,15.03,2025-12-08 04:14:36.690874+00:00
182,64,113.47,2025-12-08 04:14:36.704996+00:00
183,85,68.60,2025-12-08 04:14:36.719314+00:00
184,13,75.39,2025-12-08 04:14:36.724645+00:00
185,18,140.52,2025-12-08 04:14:36.730101+00:00
186,103,165.54,2025-12-08 04:14:36.741652+00:00
187,44,106.33,2025-12-08 04:14:36.751037+00:00
188,84,65.57,2025-12-08 04:14:36.758167+00:00
189,67,80.28,2025-12-08 04:14:36.764313+00:00
190,84,77.82,2025-12-08 04:14:36.772916+00:00
191,62,39.55,2025-12-08 04:14:36.777475+00:00
192,107,149.14,2025-12-08 04:14:36.782868+00:00
193,30,43.98,2025-12-08 04:14:36.794973+00:00
194,48,141.58,2025-12-08 04:14:36.802325+00:00
195,8,137.95,2025-12-08 04:14:36.814454+00:00
196,97,196.11,2025-12-08 04:14:36.824910+00:00
197,44,13.08,2025-12-08 04:14:36.831226+00:00
198,101,130.89,2025-12-08 04:14:36.835557+00:00
199,40,125.56,2025-12-08 04:14:36.840829+00:00
200,97,197.76,2025-12-08 04:14:36.848441+00:00
201,47,156.04,2025-12-08 04:14:36.861066+00:00
202,35,207.67,2025-12-08 04:14:36.872053+00:00
203,27,164.61,2025-12-08 04:14:36.884271+00:00
204,64,44.10,2025-12-08 04:14:36.894931+00:00
205,65,70.05,2025-12-08 04:14:36.903958+00:00
206,102,54.32,2025-12-08 04:14:36.912372+00:00
207,29,150.03,2025-12-08 04:14:36.921904+00:00
208,23,166.01,2025-12-08 04:14:36.941523+00:00
209,77,72.48,2025-12-08 04:14:36.955448+00:00
210,39,155.49,2025-12-08 04:14:36.970583+00:00
211,97,197.76,2025-12-08 04:14:36.985140+00:00
212,107,149.14,2025-12-08 04:14:37.037831+00:00
213,42,246.52,2025-12-08 04:14:37.097674+00:00
214,74,58.90,2025-12-08 04:14:37.113922+00:00
215,16,184.75,2025-12-08 04:14:37.126610+00:00
216,42,96.56,2025-12-08 04:14:37.140109+00:00
217,96,186.59,2025-12-08 04:14:37.157000+00:00
218,8,137.95,2025-12-08 04:14:37.171095+00:00
219,80,67.20,2025-12-08 04:14:37.180853+00:00
220,30,43.98,2025-12-08 04:14:37.187697+00:00
221,43,49.80,2025-12-08 04:14:37.196239+00:00
222,92,251.68,2025-12-08 04:14:37.205893+00:00
223,33,73.98,2025-12-08 04:14:37.217443+00:00
224,15,163.54,2025-12-08 04:14:37.222835+00:00
225,34,99.60,2025-12-08 04:14:37.229390+00:00
226,13,139.99,2025-12-08 04:14:37.239214+00:00
227,102,175.47,2025-12-08 04:14:37.250154+00:00
228,31,41.98,2025-12-08 04:14:37.255252+00:00
229,62,161.10,2025-12-08 04:14:37.260895+00:00
230,28,222.82,2025-12-08 04:14:37.272928+00:00
231,76,45.49,2025-12-08 04:14:37.279986+00:00
232,18,40.30,2025-12-08 04:14:37.288839+00:00
233,22,69.23,2025-12-08 04:14:37.293561+00:00
234,11,131.90,2025-12-08 04:14:37.300782+00:00
235,60,114.86,2025-12-08 04:14:37.314154+00:00
236,65,36.56,2025-12-08 04:14:37.323524+00:00
237,89,45.94,2025-12-08 04:14:37.327887+00:00
238,18,27.39,2025-12-08 04:14:37.332895+00:00
239,72,141.97,2025-12-08 04:14:37.337012+00:00
240,100,127.56,2025-12-08 04:14:37.345775+00:00
241,76,155.97,2025-12-08 04:14:37.350059+00:00
242,76,45.49,2025-12-08 04:14:37.354903+00:00
243,85,256.45,2025-12-08 04:14:37.362031+00:00
244,16,155.00,2025-12-08 04:14:37.367400+00:00
245,34,99.60,2025-12-08 04:14:37.374518+00:00
246,61,98.51,2025-12-08 04:14:37.380916+00:00
247,80,133.15,2025-12-08 04:14:37.385771+00:00
248,69,115.98,2025-12-08 04:14:37.395126+00:00
249,87,78.58,2025-12-08 04:14:37.404449+00:00
250,15,154.98,2025-12-08 04:14:37.419712+00:00
251,11,131.90,2025-12-08 04:14:37.437952+00:00
252,78,93.24,2025-12-08 04:14:37.457539+00:00
253,98,121.84,2025-12-08 04:14:37.470607+00:00
254,78,93.24,2025-12-08 04:14:37.481265+00:00
255,8,137.95,2025-12-08 04:14:37.495142+00:00
256,38,278.07,2025-12-08 04:14:37.512756+00:00
257,38,206.90,2025-12-08 04:14:37.526152+00:00
258,44,70.58,2025-12-08 04:14:37.547077+00:00
259,49,87.90,2025-12-08 04:14:37.557128+00:00
260,36,156.29,2025-12-08 04:14:37.566693+00:00
261,77,97.50,2025-12-08 04:14:37.587044+00:00
262,48,184.22,2025-12-08 04:14:37.602107+00:00
263,57,160.02,2025-12-08 04:14:37.611419+00:00
264,77,97.50,2025-12-08 04:14:37.623287+00:00
265,45,140.33,2025-12-08 04:14:37.639850+00:00
266,55,322.48,2025-12-08 04:14:37.657527+00:00
267,33,15.03,2025-12-08 04:14:37.700953+00:00
268,60,85.76,2025-12-08 04:14:37.724058+00:00
269,89,45.94,2025-12-08 04:14:37.750768+00:00
270,70,117.47,2025-12-08 04:14:37.761599+00:00
271,88,32.04,2025-12-08 04:14:37.773433+00:00
272,89,91.02,2025-12-08 04:14:37.784317+00:00
273,35,97.35,2025-12-08 04:14:37.793651+00:00
274,79,52.50,2025-12-08 04:14:37.804148+00:00
275,100,72.80,2025-12-08 04:14:37.814900+00:00
276,27,124.80,2025-12-08 04:14:37.832290+00:00
277,82,94.76,2025-12-08 04:14:37.842534+00:00
278,64,113.47,2025-12-08 04:14:37.859512+00:00
279,37,196.22,2025-12-08 04:14:37.878040+00:00
280,42,96.56,2025-12-08 04:14:37.889107+00:00
281,87,149.63,2025-12-08 04:14:37.907116+00:00
282,31,102.92,2025-12-08 04:14:37.917450+00:00
283,91,54.32,2025-12-08 04:14:37.931626+00:00
284,80,133.15,2025-12-08 04:14:37.946944+00:00
285,15,240.98,2025-12-08 04:14:37.967750+00:00
286,78,118.59,2025-12-08 04:14:37.978557+00:00
287,84,217.41,2025-12-08 04:14:37.989004+00:00
288,99,158.04,2025-12-08 04:14:38.013085+00:00
289,34,176.47,2025-12-08 04:14:38.049894+00:00
290,38,71.83,2025-12-08 04:14:38.060228+00:00
291,55,322.48,2025-12-08 04:14:38.071085+00:00
292,106,239.88,2025-12-08 04:14:38.091007+00:00
293,36,156.29,2025-12-08 04:14:38.101651+00:00
294,73,151.91,2025-12-08 04:14:38.120690+00:00
295,57,163.89,2025-12-08 04:14:38.130064+00:00
296,73,236.60,2025-12-08 04:14:38.137943+00:00
297,37,149.80,2025-12-08 04:14:38.148403+00:00
298,75,117.45,2025-12-08 04:14:38.159960+00:00
299,63,158.99,2025-12-08 04:14:38.176743+00:00
300,95,18.42,2025-12-08 04:14:38.187080+00:00
301,102,140.09,2025-12-08 04:14:38.194220+00:00
302,28,45.54,2025-12-08 04:14:38.205595+00:00
303,52,44.21,2025-12-08 04:14:38.218617+00:00
304,91,54.32,2025-12-08 04:14:38.236529+00:00
305,8,77.72,2025-12-08 06:20:53.196626+00:00
306,12,115.86,2025-12-08 06:20:53.202537+00:00
307,91,96.01,2025-12-08 06:20:53.212213+00:00
308,29,285.84,2025-12-08 06:20:53.219888+00:00
309,88,237.87,2025-12-08 06:20:53.232559+00:00
310,10,69.76,2025-12-08 06:20:53.239558+00:00
311,74,41.64,2025-12-08 06:20:53.245849+00:00
312,26,128.16,2025-12-08 06:20:53.250123+00:00
313,46,271.09,2025-12-08 06:20:53.255575+00:00
314,107,194.44,2025-12-08 06:20:53.270029+00:00
315,43,86.68,2025-12-08 06:20:53.281580+00:00
316,49,67.41,2025-12-08 06:20:53.289664+00:00
317,82,19.56,2025-12-08 06:20:53.297766+00:00
318,101,199.31,2025-12-08 06:20:53.303320+00:00
319,99,30.48,2025-12-08 06:20:53.310099+00:00
320,79,208.13,2025-12-08 06:20:53.314391+00:00
321,48,311.08,2025-12-08 06:20:53.324854+00:00
322,39,101.28,2025-12-08 06:20:53.338202+00:00
323,92,336.07,2025-12-08 06:20:53.343287+00:00
324,13,93.60,2025-12-08 06:20:53.353399+00:00
325,32,248.53,2025-12-08 06:20:53.358238+00:00
326,15,221.12,2025-12-08 06:20:53.369598+00:00
327,90,356.41,2025-12-08 06:20:53.380144+00:00
328,64,248.68,2025-12-08 06:20:53.394356+00:00
329,12,99.64,2025-12-08 06:20:53.410566+00:00
330,82,132.62,2025-12-08 06:20:53.418485+00:00
331,70,336.85,2025-12-08 06:20:53.426122+00:00
332,74,85.71,2025-12-08 06:20:53.437833+00:00
333,26,12.52,2025-12-08 06:20:53.443493+00:00
334,32,248.53,2025-12-08 06:20:53.447885+00:00
335,14,77.24,2025-12-08 06:20:53.458709+00:00
336,51,123.66,2025-12-08 06:20:53.463111+00:00
337,102,155.61,2025-12-08 06:20:53.470455+00:00
338,13,290.42,2025-12-08 06:20:53.481767+00:00
339,50,137.03,2025-12-08 06:20:53.492620+00:00
340,28,39.66,2025-12-08 06:20:53.499544+00:00
341,49,67.41,2025-12-08 06:20:53.506623+00:00
342,39,37.72,2025-12-08 06:20:53.514886+00:00
343,31,93.68,2025-12-08 06:20:53.520652+00:00
344,11,165.39,2025-12-08 06:20:53.526820+00:00
345,71,70.67,2025-12-08 06:20:53.532432+00:00
346,73,210.04,2025-12-08 06:20:53.538573+00:00
347,93,238.88,2025-12-08 06:20:53.545880+00:00
348,92,113.00,2025-12-08 06:20:53.557647+00:00
349,38,229.65,2025-12-08 06:20:53.564834+00:00
350,21,309.66,2025-12-08 06:20:53.575295+00:00
351,105,106.70,2025-12-08 06:20:53.588028+00:00
352,43,86.68,2025-12-08 06:20:53.593482+00:00
353,81,312.04,2025-12-08 06:20:53.601367+00:00
354,36,140.97,2025-12-08 06:20:53.614219+00:00
355,25,353.77,2025-12-08 06:20:53.619982+00:00
356,105,189.21,2025-12-08 06:20:53.633393+00:00
357,14,43.90,2025-12-08 06:20:53.646440+00:00
358,73,28.12,2025-12-08 06:20:53.650205+00:00
359,80,201.88,2025-12-08 06:20:53.657459+00:00
360,35,113.36,2025-12-08 06:20:53.666968+00:00
361,71,94.54,2025-12-08 06:20:53.671681+00:00
362,63,89.89,2025-12-08 06:20:53.676756+00:00
363,84,311.23,2025-12-08 06:20:53.685074+00:00
364,36,8.43,2025-12-08 06:20:53.699550+00:00
365,87,54.47,2025-12-08 06:20:53.705144+00:00
366,85,135.20,2025-12-08 06:20:53.712982+00:00
367,73,308.68,2025-12-08 06:20:53.723419+00:00
368,14,62.69,2025-12-08 06:20:53.735129+00:00
369,70,336.85,2025-12-08 06:20:53.741159+00:00
370,74,135.29,2025-12-08 06:20:53.754825+00:00
371,41,42.54,2025-12-08 06:20:53.761721+00:00
372,31,111.89,2025-12-08 06:20:53.766471+00:00
373,41,172.15,2025-12-08 06:20:53.777219+00:00
374,57,64.85,2025-12-08 06:20:53.782861+00:00
375,24,304.07,2025-12-08 06:20:53.790747+00:00
376,89,134.61,2025-12-08 06:20:53.803986+00:00
377,33,31.56,2025-12-08 06:20:53.815522+00:00
378,86,164.80,2025-12-08 06:20:53.820964+00:00
379,71,6.09,2025-12-08 06:20:53.827723+00:00
380,42,10.52,2025-12-08 06:20:53.833078+00:00
381,30,181.71,2025-12-08 06:20:53.836887+00:00
382,57,64.85,2025-12-08 06:20:53.842521+00:00
383,17,274.45,2025-12-08 06:20:53.850339+00:00
384,71,53.30,2025-12-08 06:20:53.860342+00:00
385,60,186.45,2025-12-08 06:20:53.866231+00:00
386,37,227.86,2025-12-08 06:20:53.881868+00:00
387,21,15.56,2025-12-08 06:20:53.887224+00:00
388,15,10.82,2025-12-08 06:20:53.891127+00:00
389,40,27.01,2025-12-08 06:20:53.894827+00:00
390,98,45.03,2025-12-08 06:20:53.898820+00:00
391,89,101.90,2025-12-08 06:20:53.902627+00:00
392,49,209.02,2025-12-08 06:20:53.907089+00:00
393,78,118.59,2025-12-08 06:20:53.912361+00:00
394,15,122.04,2025-12-08 06:20:53.919529+00:00
395,105,117.92,2025-12-08 06:20:53.923893+00:00
396,41,129.67,2025-12-08 06:20:53.928835+00:00
397,17,112.62,2025-12-08 06:20:53.935207+00:00
398,58,68.95,2025-12-08 06:20:53.941985+00:00
399,56,88.08,2025-12-08 06:20:53.950207+00:00
400,69,250.69,2025-12-08 06:20:53.955794+00:00
401,86,166.45,2025-12-08 06:20:53.967657+00:00
402,35,231.08,2025-12-08 06:20:53.973711+00:00
403,77,95.08,2025-12-08 06:20:53.984491+00:00
404,44,161.89,2025-12-08 06:20:53.991498+00:00
405,52,134.77,2025-12-08 06:20:53.998928+00:00
406,97,251.01,2025-12-08 06:20:54.005151+00:00
407,16,362.37,2025-12-08 06:20:54.015797+00:00
408,26,139.22,2025-12-08 06:20:54.026714+00:00
409,51,306.75,2025-12-08 06:20:54.031813+00:00
410,93,238.88,2025-12-08 06:20:54.043163+00:00
411,35,231.08,2025-12-08 06:20:54.057139+00:00
412,17,274.45,2025-12-08 06:20:54.070304+00:00
413,84,79.50,2025-12-08 06:20:54.079254+00:00
414,22,111.74,2025-12-08 06:20:54.084053+00:00
415,9,294.33,2025-12-08 06:20:54.089752+00:00
416,35,231.08,2025-12-08 06:20:54.101170+00:00
417,21,137.56,2025-12-08 06:20:54.111875+00:00
418,43,86.68,2025-12-08 06:20:54.116834+00:00
419,101,251.11,2025-12-08 06:20:54.126662+00:00
420,61,268.29,2025-12-08 06:20:54.140757+00:00
421,11,142.09,2025-12-08 06:20:54.152698+00:00
422,57,64.85,2025-12-08 06:20:54.162340+00:00
423,63,89.89,2025-12-08 06:20:54.170495+00:00
424,59,60.11,2025-12-08 06:20:54.177648+00:00
425,38,122.47,2025-12-08 06:20:54.181779+00:00
426,16,131.75,2025-12-08 06:20:54.187856+00:00
427,17,18.83,2025-12-08 06:20:54.192782+00:00
428,28,170.19,2025-12-08 06:20:54.197064+00:00
429,69,250.69,2025-12-08 06:20:54.205696+00:00
430,12,99.64,2025-12-08 06:20:54.219316+00:00
431,76,242.06,2025-12-08 06:20:54.228915+00:00
432,77,50.43,2025-12-08 06:20:54.239531+00:00
433,37,26.26,2025-12-08 06:20:54.245150+00:00
434,29,222.29,2025-12-08 06:20:54.249195+00:00
435,31,44.06,2025-12-08 06:20:54.255337+00:00
436,29,285.84,2025-12-08 06:20:54.262457+00:00
437,33,38.73,2025-12-08 06:20:54.274707+00:00
438,27,278.80,2025-12-08 06:20:54.283431+00:00
439,8,378.65,2025-12-08 06:20:54.297440+00:00
440,30,230.82,2025-12-08 06:20:54.310599+00:00
441,84,311.23,2025-12-08 06:20:54.321806+00:00
442,43,218.37,2025-12-08 06:20:54.334260+00:00
443,27,51.18,2025-12-08 06:20:54.338912+00:00
444,81,312.04,2025-12-08 06:20:54.343447+00:00
445,9,294.33,2025-12-08 06:20:54.354856+00:00
446,99,183.15,2025-12-08 06:20:54.365478+00:00
447,9,97.72,2025-12-08 06:20:54.370131+00:00
448,18,127.72,2025-12-08 06:20:54.376205+00:00
449,42,57.53,2025-12-08 06:20:54.380857+00:00
450,31,88.09,2025-12-08 06:20:54.385328+00:00
451,22,298.07,2025-12-08 06:20:54.390366+00:00
452,83,182.27,2025-12-08 06:20:54.402949+00:00
453,49,275.26,2025-12-08 06:20:54.408118+00:00
454,59,139.35,2025-12-08 06:20:54.413187+00:00
455,101,61.89,2025-12-08 06:20:54.417847+00:00
456,14,175.82,2025-12-08 06:20:54.422458+00:00
457,18,21.18,2025-12-08 06:20:54.431570+00:00
458,77,179.22,2025-12-08 06:20:54.435981+00:00
459,22,171.86,2025-12-08 06:20:54.448113+00:00
460,23,242.59,2025-12-08 06:20:54.453831+00:00
461,56,70.33,2025-12-08 06:20:54.467666+00:00
462,48,311.08,2025-12-08 06:20:54.477201+00:00
463,60,186.45,2025-12-08 06:20:54.489270+00:00
464,85,135.20,2025-12-08 06:20:54.501718+00:00
465,48,311.08,2025-12-08 06:20:54.514503+00:00
466,84,92.32,2025-12-08 06:20:54.527975+00:00
467,82,141.24,2025-12-08 06:20:54.532055+00:00
468,62,82.40,2025-12-08 06:20:54.536764+00:00
469,56,181.78,2025-12-08 06:20:54.541127+00:00
470,32,96.36,2025-12-08 06:20:54.546371+00:00
471,75,145.74,2025-12-08 06:20:54.550789+00:00
472,38,229.65,2025-12-08 06:20:54.556112+00:00
473,73,308.68,2025-12-08 06:20:54.566660+00:00
474,84,311.23,2025-12-08 06:20:54.578887+00:00
475,27,99.98,2025-12-08 06:20:54.591326+00:00
476,81,109.93,2025-12-08 06:20:54.595829+00:00
477,68,68.41,2025-12-08 06:20:54.602962+00:00
478,14,139.94,2025-12-08 06:20:54.607914+00:00
479,106,146.16,2025-12-08 06:20:54.613297+00:00
480,92,336.07,2025-12-08 06:20:54.622984+00:00
481,107,194.44,2025-12-08 06:20:54.633564+00:00
482,107,194.44,2025-12-08 06:20:54.646888+00:00
483,84,163.68,2025-12-08 06:20:54.657739+00:00
484,17,149.98,2025-12-08 06:20:54.663918+00:00
485,71,134.06,2025-12-08 06:20:54.671578+00:00
486,21,309.66,2025-12-08 06:20:54.677157+00:00
487,45,76.08,2025-12-08 06:20:54.689763+00:00
488,82,281.96,2025-12-08 06:20:54.694883+00:00
489,106,53.70,2025-12-08 06:20:54.708978+00:00
490,79,52.32,2025-12-08 06:20:54.715740+00:00
491,76,242.06,2025-12-08 06:20:54.721992+00:00
492,59,166.63,2025-12-08 06:20:54.732920+00:00
493,9,161.13,2025-12-08 06:20:54.740786+00:00
494,13,290.42,2025-12-08 06:20:54.748265+00:00
495,35,231.08,2025-12-08 06:20:54.763122+00:00
496,81,11.24,2025-12-08 06:20:54.773872+00:00
497,81,199.59,2025-12-08 06:20:54.777801+00:00
498,23,242.59,2025-12-08 06:20:54.785253+00:00
499,16,77.57,2025-12-08 06:20:54.796841+00:00
500,69,250.69,2025-12-08 06:20:54.801879+00:00
501,29,285.84,2025-12-08 06:20:54.814497+00:00
502,89,73.44,2025-12-08 06:20:54.826161+00:00
503,18,29.52,2025-12-08 06:20:54.829959+00:00
504,45,165.35,2025-12-08 06:20:54.836417+00:00
505,94,65.13,2025-12-08 06:20:54.845519+00:00
506,103,204.98,2025-12-08 06:20:54.850048+00:00
507,21,309.66,2025-12-08 06:20:54.859209+00:00
508,69,250.69,2025-12-08 06:20:54.875861+00:00
509,64,248.68,2025-12-08 06:20:54.888470+00:00
510,28,170.19,2025-12-08 06:20:54.902497+00:00
511,64,53.40,2025-12-08 06:20:54.910695+00:00
512,66,98.02,2025-12-08 06:20:54.914584+00:00
513,92,336.07,2025-12-08 06:20:54.921094+00:00
514,96,121.99,2025-12-08 06:20:54.931018+00:00
515,47,59.75,2025-12-08 06:20:54.935750+00:00
516,80,201.88,2025-12-08 06:20:54.940504+00:00
517,16,92.55,2025-12-08 06:20:54.949618+00:00
518,76,69.09,2025-12-08 06:20:54.954466+00:00
519,45,165.35,2025-12-08 06:20:54.961691+00:00
520,43,86.68,2025-12-08 06:20:54.973044+00:00
521,47,58.71,2025-12-08 06:20:54.980209+00:00
522,36,244.15,2025-12-08 06:20:54.984735+00:00
523,8,99.39,2025-12-08 06:20:54.995572+00:00
524,107,121.16,2025-12-08 06:20:55.001068+00:00
525,87,62.39,2025-12-08 06:20:55.006297+00:00
526,13,290.42,2025-12-08 06:20:55.011634+00:00
527,11,50.27,2025-12-08 06:20:55.025327+00:00
528,88,162.33,2025-12-08 06:20:55.032077+00:00
529,92,336.07,2025-12-08 06:20:55.040751+00:00
530,51,45.21,2025-12-08 06:20:55.050776+00:00
531,49,68.57,2025-12-08 06:20:55.054999+00:00
532,10,293.66,2025-12-08 06:20:55.061785+00:00
533,65,174.50,2025-12-08 06:20:55.075302+00:00
534,26,129.92,2025-12-08 06:20:55.082067+00:00
535,57,64.85,2025-12-08 06:20:55.089134+00:00
536,31,111.89,2025-12-08 06:20:55.099296+00:00
537,68,130.94,2025-12-08 06:20:55.108537+00:00
538,104,318.25,2025-12-08 06:20:55.114241+00:00
539,29,133.33,2025-12-08 06:20:55.124879+00:00
540,91,289.52,2025-12-08 06:20:55.129882+00:00
541,99,266.92,2025-12-08 06:20:55.137612+00:00
542,102,155.61,2025-12-08 06:20:55.149113+00:00
543,87,239.41,2025-12-08 06:20:55.160570+00:00
544,75,11.90,2025-12-08 06:20:55.173269+00:00
545,10,108.26,2025-12-08 06:20:55.177226+00:00
546,25,353.77,2025-12-08 06:20:55.181832+00:00
547,60,186.45,2025-12-08 06:20:55.195115+00:00
548,39,221.25,2025-12-08 06:20:55.207287+00:00
549,32,248.53,2025-12-08 06:20:55.219637+00:00
550,35,231.08,2025-12-08 06:20:55.231088+00:00
551,72,176.50,2025-12-08 06:20:55.243058+00:00
552,52,203.39,2025-12-08 06:20:55.256496+00:00
553,52,139.45,2025-12-08 06:20:55.267837+00:00
554,18,147.99,2025-12-08 06:20:55.273117+00:00
555,42,160.74,2025-12-08 06:20:55.283551+00:00
556,63,89.89,2025-12-08 06:20:55.294914+00:00
557,43,107.58,2025-12-08 06:20:55.303754+00:00
558,74,231.21,2025-12-08 06:20:55.309232+00:00
559,91,110.14,2025-12-08 06:20:55.318183+00:00
560,55,118.24,2025-12-08 06:20:55.322849+00:00
561,48,125.13,2025-12-08 06:20:55.329312+00:00
562,54,11.18,2025-12-08 06:20:55.333942+00:00
563,79,208.13,2025-12-08 06:20:55.340052+00:00
564,74,30.62,2025-12-08 06:20:55.350052+00:00
565,41,239.83,2025-12-08 06:20:55.356463+00:00
566,53,125.40,2025-12-08 06:20:55.366304+00:00
567,20,199.75,2025-12-08 06:20:55.371970+00:00
568,82,17.57,2025-12-08 06:20:55.382389+00:00
569,38,187.95,2025-12-08 06:20:55.386222+00:00
570,66,147.71,2025-12-08 06:20:55.393635+00:00
571,42,140.90,2025-12-08 06:20:55.404404+00:00
572,95,154.65,2025-12-08 06:20:55.410747+00:00
573,40,203.59,2025-12-08 06:20:55.416350+00:00
574,58,125.52,2025-12-08 06:20:55.424512+00:00
575,42,160.74,2025-12-08 06:20:55.429369+00:00
576,9,294.33,2025-12-08 06:20:55.442456+00:00
577,22,298.07,2025-12-08 06:20:55.453871+00:00
578,16,76.49,2025-12-08 06:20:55.466336+00:00
579,100,112.64,2025-12-08 06:20:55.470807+00:00
580,37,276.60,2025-12-08 06:20:55.477305+00:00
581,63,103.65,2025-12-08 06:20:55.489650+00:00
582,91,186.63,2025-12-08 06:20:55.494656+00:00
583,67,101.45,2025-12-08 06:20:55.499605+00:00
584,66,147.71,2025-12-08 06:20:55.504890+00:00
585,104,158.06,2025-12-08 06:20:55.514194+00:00
586,27,278.80,2025-12-08 06:20:55.521209+00:00
587,73,308.68,2025-12-08 06:20:55.533935+00:00
588,8,149.10,2025-12-08 06:20:55.545703+00:00
589,80,67.32,2025-12-08 06:20:55.552041+00:00
590,37,147.99,2025-12-08 06:20:55.558114+00:00
591,19,202.64,2025-12-08 06:20:55.563874+00:00
592,60,186.45,2025-12-08 06:20:55.574301+00:00
593,30,230.82,2025-12-08 06:20:55.588293+00:00
594,48,222.61,2025-12-08 06:20:55.600770+00:00
595,37,106.36,2025-12-08 06:20:55.607770+00:00
596,21,66.10,2025-12-08 06:20:55.612878+00:00
597,48,311.08,2025-12-08 06:20:55.617581+00:00
598,13,223.49,2025-12-08 06:20:55.631063+00:00
599,16,362.37,2025-12-08 06:20:55.638282+00:00
600,48,311.08,2025-12-08 06:20:55.649823+00:00
601,75,139.93,2025-12-08 06:20:55.662259+00:00
602,28,170.19,2025-12-08 06:20:55.671894+00:00
603,16,23.84,2025-12-08 06:20:55.679973+00:00
604,94,302.72,2025-12-08 06:20:55.684720+00:00
605,91,243.92,2025-12-08 06:21:44.707542+00:00
606,79,331.56,2025-12-08 06:21:44.766093+00:00
607,9,56.80,2025-12-08 06:21:44.781871+00:00
608,39,336.11,2025-12-08 06:21:44.791009+00:00
609,84,208.76,2025-12-08 06:21:44.806480+00:00
610,91,243.92,2025-12-08 06:21:44.812672+00:00
611,15,272.81,2025-12-08 06:21:44.828831+00:00
612,26,52.83,2025-12-08 06:21:44.845023+00:00
613,62,5.25,2025-12-08 06:21:44.849755+00:00
614,17,399.77,2025-12-08 06:21:44.854769+00:00
615,55,43.48,2025-12-08 06:21:44.871408+00:00
616,11,252.09,2025-12-08 06:21:44.877001+00:00
617,98,57.44,2025-12-08 06:21:44.891368+00:00
618,50,27.82,2025-12-08 06:21:44.898216+00:00
619,51,41.08,2025-12-08 06:21:44.902623+00:00
620,14,78.24,2025-12-08 06:21:44.907038+00:00
621,34,49.70,2025-12-08 06:21:44.912088+00:00
622,47,418.58,2025-12-08 06:21:44.919468+00:00
623,12,136.46,2025-12-08 06:21:44.935258+00:00
624,59,86.38,2025-12-08 06:21:44.940769+00:00
625,31,265.20,2025-12-08 06:21:44.948811+00:00
626,17,399.77,2025-12-08 06:21:44.963811+00:00
627,97,67.53,2025-12-08 06:21:44.977225+00:00
628,71,133.65,2025-12-08 06:21:44.983900+00:00
629,76,73.44,2025-12-08 06:21:44.990939+00:00
630,70,137.71,2025-12-08 06:21:44.997425+00:00
631,54,165.68,2025-12-08 06:21:45.002901+00:00
632,69,5.28,2025-12-08 06:21:45.008316+00:00
633,97,59.19,2025-12-08 06:21:45.012597+00:00
634,105,77.98,2025-12-08 06:21:45.017468+00:00
635,41,336.98,2025-12-08 06:21:45.022955+00:00
636,96,295.09,2025-12-08 06:21:45.041189+00:00
637,107,361.74,2025-12-08 06:21:45.058990+00:00
638,64,30.78,2025-12-08 06:21:45.085077+00:00
639,9,49.12,2025-12-08 06:21:45.090098+00:00
640,46,117.72,2025-12-08 06:21:45.094591+00:00
641,85,94.73,2025-12-08 06:21:45.100214+00:00
642,68,190.29,2025-12-08 06:21:45.105322+00:00
643,63,101.51,2025-12-08 06:21:45.112130+00:00
644,12,232.05,2025-12-08 06:21:45.122888+00:00
645,18,139.16,2025-12-08 06:21:45.137112+00:00
646,11,176.22,2025-12-08 06:21:45.142886+00:00
647,91,243.92,2025-12-08 06:21:45.151695+00:00
648,66,338.12,2025-12-08 06:21:45.168846+00:00
649,81,15.04,2025-12-08 06:21:45.185272+00:00
650,100,435.83,2025-12-08 06:21:45.193603+00:00
651,73,138.55,2025-12-08 06:21:45.213720+00:00
652,34,156.95,2025-12-08 06:21:45.219856+00:00
653,98,349.11,2025-12-08 06:21:45.226344+00:00
654,55,441.35,2025-12-08 06:21:45.245450+00:00
655,107,361.74,2025-12-08 06:21:45.266168+00:00
656,58,129.47,2025-12-08 06:21:45.297571+00:00
657,15,272.81,2025-12-08 06:21:45.319078+00:00
658,63,101.51,2025-12-08 06:21:45.340966+00:00
659,87,93.53,2025-12-08 06:21:45.355111+00:00
660,51,389.54,2025-12-08 06:21:45.363415+00:00
661,68,102.90,2025-12-08 06:21:45.380743+00:00
662,106,290.06,2025-12-08 06:21:45.389487+00:00
663,105,247.73,2025-12-08 06:21:45.405826+00:00
664,9,386.08,2025-12-08 06:21:45.413146+00:00
665,19,44.10,2025-12-08 06:21:45.431053+00:00
666,80,165.72,2025-12-08 06:21:45.435800+00:00
667,61,292.02,2025-12-08 06:21:45.444634+00:00
668,104,144.13,2025-12-08 06:21:45.461051+00:00
669,9,144.59,2025-12-08 06:21:45.468633+00:00
670,39,47.06,2025-12-08 06:21:45.474351+00:00
671,45,230.25,2025-12-08 06:21:45.479702+00:00
672,56,117.97,2025-12-08 06:21:45.494279+00:00
673,28,278.26,2025-12-08 06:21:45.506182+00:00
674,40,343.97,2025-12-08 06:21:45.520960+00:00
675,83,150.93,2025-12-08 06:21:45.534741+00:00
676,81,88.68,2025-12-08 06:21:45.547257+00:00
677,10,390.56,2025-12-08 06:21:45.554964+00:00
678,26,134.71,2025-12-08 06:21:45.570995+00:00
679,73,462.70,2025-12-08 06:21:45.577239+00:00
680,60,264.42,2025-12-08 06:21:45.596732+00:00
681,66,20.76,2025-12-08 06:21:45.614272+00:00
682,58,135.54,2025-12-08 06:21:45.623017+00:00
683,44,202.22,2025-12-08 06:21:45.631454+00:00
684,93,253.79,2025-12-08 06:21:45.646078+00:00
685,107,116.66,2025-12-08 06:21:45.661861+00:00
686,88,126.86,2025-12-08 06:21:45.667979+00:00
687,60,221.09,2025-12-08 06:21:45.673547+00:00
688,37,276.60,2025-12-08 06:21:45.680851+00:00
689,87,43.41,2025-12-08 06:21:45.698665+00:00
690,103,24.57,2025-12-08 06:21:45.703273+00:00
691,99,76.59,2025-12-08 06:21:45.707886+00:00
692,89,149.94,2025-12-08 06:21:45.713511+00:00
693,13,150.61,2025-12-08 06:21:45.728749+00:00
694,18,335.90,2025-12-08 06:21:45.737353+00:00
695,75,195.11,2025-12-08 06:21:45.757727+00:00
696,17,109.20,2025-12-08 06:21:45.773337+00:00
697,46,6.76,2025-12-08 06:21:45.779064+00:00
698,70,15.93,2025-12-08 06:21:45.785837+00:00
699,25,9.78,2025-12-08 06:21:45.792519+00:00
700,31,265.20,2025-12-08 06:21:45.800240+00:00
701,63,101.51,2025-12-08 06:21:45.815926+00:00
702,95,231.85,2025-12-08 06:21:45.828788+00:00
703,49,210.95,2025-12-08 06:21:45.842284+00:00
704,74,162.45,2025-12-08 06:21:45.857738+00:00
705,8,5.72,2025-12-08 06:21:45.864533+00:00
706,46,73.71,2025-12-08 06:21:45.869059+00:00
707,97,39.60,2025-12-08 06:21:45.873539+00:00
708,88,266.01,2025-12-08 06:21:45.878893+00:00
709,96,58.10,2025-12-08 06:21:45.891866+00:00
710,39,248.22,2025-12-08 06:21:45.897009+00:00
711,37,276.60,2025-12-08 06:21:45.904291+00:00
712,42,178.94,2025-12-08 06:21:45.919654+00:00
713,76,296.82,2025-12-08 06:21:45.939038+00:00
714,74,401.67,2025-12-08 06:21:45.957029+00:00
715,47,5.11,2025-12-08 06:21:45.976014+00:00
716,23,432.74,2025-12-08 06:21:45.981567+00:00
717,62,448.61,2025-12-08 06:21:46.004730+00:00
718,84,20.49,2025-12-08 06:21:46.025790+00:00
719,80,222.22,2025-12-08 06:21:46.030611+00:00
720,64,426.77,2025-12-08 06:21:46.037756+00:00
721,32,350.70,2025-12-08 06:21:46.060499+00:00
722,58,46.02,2025-12-08 06:21:46.075889+00:00
723,61,292.02,2025-12-08 06:21:46.081677+00:00
724,40,343.97,2025-12-08 06:21:46.096055+00:00
725,70,411.77,2025-12-08 06:21:46.109352+00:00
726,47,418.58,2025-12-08 06:21:46.130163+00:00
727,43,191.62,2025-12-08 06:21:46.146396+00:00
728,75,195.11,2025-12-08 06:21:46.159166+00:00
729,78,87.40,2025-12-08 06:21:46.170849+00:00
730,49,145.96,2025-12-08 06:21:46.175416+00:00
731,67,375.40,2025-12-08 06:21:46.180514+00:00
732,61,205.82,2025-12-08 06:21:46.196045+00:00
733,104,356.43,2025-12-08 06:21:46.203570+00:00
734,59,172.26,2025-12-08 06:21:46.218869+00:00
735,18,335.90,2025-12-08 06:21:46.224711+00:00
736,22,431.84,2025-12-08 06:21:46.239626+00:00
737,19,332.57,2025-12-08 06:21:46.255163+00:00
738,98,349.11,2025-12-08 06:21:46.270981+00:00
739,29,98.64,2025-12-08 06:21:46.284348+00:00
740,26,187.43,2025-12-08 06:21:46.291845+00:00
741,101,318.70,2025-12-08 06:21:46.305023+00:00
742,38,136.25,2025-12-08 06:21:46.319476+00:00
743,21,406.32,2025-12-08 06:21:46.325009+00:00
744,13,169.65,2025-12-08 06:21:46.341458+00:00
745,23,432.74,2025-12-08 06:21:46.348388+00:00
746,81,330.51,2025-12-08 06:21:46.367697+00:00
747,76,38.78,2025-12-08 06:21:46.380758+00:00
748,91,50.56,2025-12-08 06:21:46.386858+00:00
749,55,121.29,2025-12-08 06:21:46.392440+00:00
750,66,195.91,2025-12-08 06:21:46.397207+00:00
751,89,149.94,2025-12-08 06:21:46.402786+00:00
752,9,386.08,2025-12-08 06:21:46.414119+00:00
753,85,155.51,2025-12-08 06:21:46.427740+00:00
754,64,426.77,2025-12-08 06:21:46.433158+00:00
755,70,34.02,2025-12-08 06:21:46.451339+00:00
756,19,332.57,2025-12-08 06:21:46.456319+00:00
757,83,122.34,2025-12-08 06:21:46.472393+00:00
758,15,272.81,2025-12-08 06:21:46.479783+00:00
759,95,231.85,2025-12-08 06:21:46.492097+00:00
760,48,81.03,2025-12-08 06:21:46.502931+00:00
761,69,410.14,2025-12-08 06:21:46.509246+00:00
762,81,330.51,2025-12-08 06:21:46.525995+00:00
763,52,232.18,2025-12-08 06:21:46.540036+00:00
764,11,252.09,2025-12-08 06:21:46.553528+00:00
765,102,34.05,2025-12-08 06:21:46.568074+00:00
766,78,353.07,2025-12-08 06:21:46.572580+00:00
767,55,106.63,2025-12-08 06:21:46.586106+00:00
768,60,264.42,2025-12-08 06:21:46.593429+00:00
769,41,336.98,2025-12-08 06:21:46.606639+00:00
770,42,236.27,2025-12-08 06:21:46.621206+00:00
771,86,120.51,2025-12-08 06:21:46.627032+00:00
772,74,401.67,2025-12-08 06:21:46.632259+00:00
773,39,336.11,2025-12-08 06:21:46.646642+00:00
774,86,220.64,2025-12-08 06:21:46.660497+00:00
775,29,402.34,2025-12-08 06:21:46.666315+00:00
776,89,149.94,2025-12-08 06:21:46.682943+00:00
777,53,169.08,2025-12-08 06:21:46.694006+00:00
778,17,272.63,2025-12-08 06:21:46.698880+00:00
779,69,410.14,2025-12-08 06:21:46.704631+00:00
780,39,77.64,2025-12-08 06:21:46.719976+00:00
781,91,243.92,2025-12-08 06:21:46.727596+00:00
782,36,288.05,2025-12-08 06:21:46.740113+00:00
783,15,20.32,2025-12-08 06:21:46.754141+00:00
784,52,163.47,2025-12-08 06:21:46.758134+00:00
785,83,126.71,2025-12-08 06:21:46.763333+00:00
786,36,23.33,2025-12-08 06:21:46.767652+00:00
787,64,124.73,2025-12-08 06:21:46.771291+00:00
788,81,149.43,2025-12-08 06:21:46.775391+00:00
789,101,33.12,2025-12-08 06:21:46.781495+00:00
790,105,290.08,2025-12-08 06:21:46.786629+00:00
791,47,418.58,2025-12-08 06:21:46.805121+00:00
792,75,160.28,2025-12-08 06:21:46.819542+00:00
793,97,337.07,2025-12-08 06:21:46.825491+00:00
794,83,70.89,2025-12-08 06:21:46.841272+00:00
795,8,105.35,2025-12-08 06:21:46.845517+00:00
796,103,240.12,2025-12-08 06:21:46.850595+00:00
797,60,264.42,2025-12-08 06:21:46.864032+00:00
798,29,402.34,2025-12-08 06:21:46.879254+00:00
799,21,406.32,2025-12-08 06:21:46.895006+00:00
800,51,389.54,2025-12-08 06:21:46.911785+00:00
801,59,280.31,2025-12-08 06:21:46.924969+00:00
802,67,375.40,2025-12-08 06:21:46.942172+00:00
803,77,83.74,2025-12-08 06:21:46.956218+00:00
804,20,116.15,2025-12-08 06:21:46.962235+00:00
805,33,209.43,2025-12-08 06:21:46.969490+00:00
806,29,196.90,2025-12-08 06:21:46.980290+00:00
807,97,70.59,2025-12-08 06:21:46.987154+00:00
808,33,209.43,2025-12-08 06:21:46.995116+00:00
809,69,410.14,2025-12-08 06:21:47.007090+00:00
810,49,210.95,2025-12-08 06:21:47.022116+00:00
811,12,138.78,2025-12-08 06:21:47.034776+00:00
812,103,73.89,2025-12-08 06:21:47.040799+00:00
813,54,39.52,2025-12-08 06:21:47.044491+00:00
814,55,121.26,2025-12-08 06:21:47.048690+00:00
815,72,48.91,2025-12-08 06:21:47.054038+00:00
816,56,117.97,2025-12-08 06:21:47.059642+00:00
817,19,332.57,2025-12-08 06:21:47.069476+00:00
818,34,123.69,2025-12-08 06:21:47.085018+00:00
819,32,350.70,2025-12-08 06:21:47.092000+00:00
820,70,411.77,2025-12-08 06:21:47.106075+00:00
821,48,145.03,2025-12-08 06:21:47.125065+00:00
822,13,454.13,2025-12-08 06:21:47.131094+00:00
823,106,290.06,2025-12-08 06:21:47.145016+00:00
824,98,210.99,2025-12-08 06:21:47.160085+00:00
825,65,563.40,2025-12-08 06:21:47.165716+00:00
826,78,147.92,2025-12-08 06:21:47.183324+00:00
827,69,410.14,2025-12-08 06:21:47.191078+00:00
828,29,402.34,2025-12-08 06:21:47.206573+00:00
829,63,101.51,2025-12-08 06:21:47.225364+00:00
830,70,44.73,2025-12-08 06:21:47.233829+00:00
831,28,35.49,2025-12-08 06:21:47.237902+00:00
832,43,191.62,2025-12-08 06:21:47.242980+00:00
833,94,418.68,2025-12-08 06:21:47.256401+00:00
834,26,187.43,2025-12-08 06:21:47.271038+00:00
835,104,356.43,2025-12-08 06:21:47.282448+00:00
836,70,162.46,2025-12-08 06:21:47.294879+00:00
837,19,40.90,2025-12-08 06:21:47.299709+00:00
838,92,90.07,2025-12-08 06:21:47.305950+00:00
839,85,222.36,2025-12-08 06:21:47.312554+00:00
840,97,45.54,2025-12-08 06:21:47.326230+00:00
841,48,40.47,2025-12-08 06:21:47.330198+00:00
842,31,135.02,2025-12-08 06:21:47.335786+00:00
843,89,149.94,2025-12-08 06:21:47.343244+00:00
844,77,347.16,2025-12-08 06:21:47.355080+00:00
845,69,410.14,2025-12-08 06:21:47.368547+00:00
846,90,390.85,2025-12-08 06:21:47.383676+00:00
847,80,69.20,2025-12-08 06:21:47.396057+00:00
848,44,164.19,2025-12-08 06:21:47.400191+00:00
849,51,51.40,2025-12-08 06:21:47.405250+00:00
850,60,264.42,2025-12-08 06:21:47.409629+00:00
851,68,266.97,2025-12-08 06:21:47.422819+00:00
852,36,154.26,2025-12-08 06:21:47.436346+00:00
853,39,336.11,2025-12-08 06:21:47.443849+00:00
854,64,426.77,2025-12-08 06:21:47.459910+00:00
855,66,140.78,2025-12-08 06:21:47.476678+00:00
856,46,426.76,2025-12-08 06:21:47.484107+00:00
857,21,154.76,2025-12-08 06:21:47.498254+00:00
858,60,264.42,2025-12-08 06:21:47.503725+00:00
859,97,42.09,2025-12-08 06:21:47.516187+00:00
860,98,349.11,2025-12-08 06:21:47.521230+00:00
861,44,202.22,2025-12-08 06:21:47.535610+00:00
862,95,204.13,2025-12-08 06:21:47.546234+00:00
863,39,148.74,2025-12-08 06:21:47.552844+00:00
864,31,265.20,2025-12-08 06:21:47.558490+00:00
865,77,347.16,2025-12-08 06:21:47.571638+00:00
866,69,410.14,2025-12-08 06:21:47.585046+00:00
867,96,61.03,2025-12-08 06:21:47.599283+00:00
868,23,78.40,2025-12-08 06:21:47.603348+00:00
869,18,335.90,2025-12-08 06:21:47.608157+00:00
870,22,431.84,2025-12-08 06:21:47.626170+00:00
871,98,349.11,2025-12-08 06:21:47.643086+00:00
872,63,79.77,2025-12-08 06:21:47.656886+00:00
873,29,402.34,2025-12-08 06:21:47.663426+00:00
874,38,139.33,2025-12-08 06:21:47.681159+00:00
875,39,336.11,2025-12-08 06:21:47.691608+00:00
876,41,279.47,2025-12-08 06:21:47.709247+00:00
877,66,250.96,2025-12-08 06:21:47.717696+00:00
878,82,126.44,2025-12-08 06:21:47.727437+00:00
879,105,74.86,2025-12-08 06:21:47.733416+00:00
880,76,106.46,2025-12-08 06:21:47.739138+00:00
881,79,331.56,2025-12-08 06:21:47.745944+00:00
882,17,32.81,2025-12-08 06:21:47.766902+00:00
883,56,79.16,2025-12-08 06:21:47.775029+00:00
884,69,105.42,2025-12-08 06:21:47.780289+00:00
885,93,253.79,2025-12-08 06:21:47.786860+00:00
886,43,141.10,2025-12-08 06:21:47.802192+00:00
887,37,276.60,2025-12-08 06:21:47.808326+00:00
888,107,361.74,2025-12-08 06:21:47.820448+00:00
889,37,90.32,2025-12-08 06:21:47.837624+00:00
890,83,150.93,2025-12-08 06:21:47.844264+00:00
891,49,210.95,2025-12-08 06:21:47.855342+00:00
892,54,39.10,2025-12-08 06:21:47.869826+00:00
893,17,399.77,2025-12-08 06:21:47.874373+00:00
894,52,232.18,2025-12-08 06:21:47.886481+00:00
895,90,121.77,2025-12-08 06:21:47.898906+00:00
896,86,97.00,2025-12-08 06:21:47.903807+00:00
897,57,106.72,2025-12-08 06:21:47.908801+00:00
898,38,193.79,2025-12-08 06:21:47.917667+00:00
899,17,122.64,2025-12-08 06:21:47.924501+00:00
900,81,36.16,2025-12-08 06:21:47.931466+00:00
901,36,98.09,2025-12-08 06:21:47.937096+00:00
902,38,136.08,2025-12-08 06:21:47.941877+00:00
903,76,134.03,2025-12-08 06:21:47.946464+00:00
904,16,59.88,2025-12-08 06:21:47.951364+00:00
905,2,24.26,2025-12-08 15:35:05.601268+00:00
906,81,412.32,2025-12-09 04:47:06.443346+00:00
907,52,427.72,2025-12-09 04:47:06.544814+00:00
908,51,451.82,2025-12-09 04:47:06.590654+00:00
909,75,54.68,2025-12-09 04:47:06.639774+00:00
910,52,19.20,2025-12-09 04:47:06.654722+00:00
911,94,192.87,2025-12-09 04:47:06.665406+00:00
912,81,241.83,2025-12-09 04:47:06.680891+00:00
913,42,164.13,2025-12-09 04:47:06.694665+00:00
914,25,528.05,2025-12-09 04:47:06.703196+00:00
915,51,63.78,2025-12-09 04:47:06.745759+00:00
916,56,86.60,2025-12-09 04:47:06.754613+00:00
917,53,18.90,2025-12-09 04:47:06.763126+00:00
918,36,47.24,2025-12-09 04:47:06.770894+00:00
919,88,275.15,2025-12-09 04:47:06.781339+00:00
920,23,672.46,2025-12-09 04:47:06.806433+00:00
921,94,465.56,2025-12-09 04:47:06.851826+00:00
922,49,236.77,2025-12-09 04:47:06.884719+00:00
923,41,163.54,2025-12-09 04:47:06.914230+00:00
924,53,260.31,2025-12-09 04:47:06.931620+00:00
925,75,41.85,2025-12-09 04:47:06.961207+00:00
926,11,322.32,2025-12-09 04:47:06.970936+00:00
927,39,560.55,2025-12-09 04:47:07.006012+00:00
928,87,137.73,2025-12-09 04:47:07.049332+00:00
929,86,188.05,2025-12-09 04:47:07.065661+00:00
930,83,87.88,2025-12-09 04:47:07.091007+00:00
931,93,149.52,2025-12-09 04:47:07.106819+00:00
932,90,114.95,2025-12-09 04:47:07.118375+00:00
933,105,93.64,2025-12-09 04:47:07.132977+00:00
934,33,340.60,2025-12-09 04:47:07.143516+00:00
935,75,259.91,2025-12-09 04:47:07.176192+00:00
936,92,537.62,2025-12-09 04:47:07.201929+00:00
937,10,510.28,2025-12-09 04:47:07.240309+00:00
938,79,5.39,2025-12-09 04:47:07.272824+00:00
939,103,305.28,2025-12-09 04:47:07.282586+00:00
940,49,50.05,2025-12-09 04:47:07.303245+00:00
941,75,259.91,2025-12-09 04:47:07.314446+00:00
942,57,76.39,2025-12-09 04:47:07.340213+00:00
943,40,511.76,2025-12-09 04:47:07.352167+00:00
944,90,195.09,2025-12-09 04:47:07.384044+00:00
945,38,27.15,2025-12-09 04:47:07.394398+00:00
946,99,490.24,2025-12-09 04:47:07.403839+00:00
947,26,246.06,2025-12-09 04:47:07.442464+00:00
948,15,383.99,2025-12-09 04:47:07.476451+00:00
949,72,240.27,2025-12-09 04:47:07.509125+00:00
950,49,70.46,2025-12-09 04:47:07.538053+00:00
951,80,147.09,2025-12-09 04:47:07.547076+00:00
952,20,409.27,2025-12-09 04:47:07.558119+00:00
953,58,136.43,2025-12-09 04:47:07.596693+00:00
954,68,139.19,2025-12-09 04:47:07.606748+00:00
955,37,105.23,2025-12-09 04:47:07.616287+00:00
956,80,470.30,2025-12-09 04:47:07.629059+00:00
957,25,528.05,2025-12-09 04:47:07.671336+00:00
958,18,83.93,2025-12-09 04:47:07.712888+00:00
959,105,433.92,2025-12-09 04:47:07.729051+00:00
960,41,376.34,2025-12-09 04:47:07.772747+00:00
961,41,169.04,2025-12-09 04:47:07.810184+00:00
962,14,54.50,2025-12-09 04:47:07.822493+00:00
963,40,511.76,2025-12-09 04:47:07.838436+00:00
964,85,249.54,2025-12-09 04:47:07.876299+00:00
965,38,380.10,2025-12-09 04:47:07.912280+00:00
966,56,130.38,2025-12-09 04:47:07.955615+00:00
967,79,168.42,2025-12-09 04:47:07.980166+00:00
968,36,366.08,2025-12-09 04:47:07.996744+00:00
969,83,277.08,2025-12-09 04:47:08.039860+00:00
970,43,270.21,2025-12-09 04:47:08.076124+00:00
971,16,712.13,2025-12-09 04:47:08.109115+00:00
972,51,451.82,2025-12-09 04:47:08.156356+00:00
973,25,528.05,2025-12-09 04:47:08.192082+00:00
974,43,270.21,2025-12-09 04:47:08.237179+00:00
975,81,412.32,2025-12-09 04:47:08.274157+00:00
976,27,390.05,2025-12-09 04:47:08.311953+00:00
977,107,374.63,2025-12-09 04:47:08.351367+00:00
978,30,472.52,2025-12-09 04:47:08.390001+00:00
979,89,308.03,2025-12-09 04:47:08.434219+00:00
980,37,206.16,2025-12-09 04:47:08.476546+00:00
981,27,390.05,2025-12-09 04:47:08.495676+00:00
982,19,462.59,2025-12-09 04:47:08.535993+00:00
983,59,66.12,2025-12-09 04:47:08.576874+00:00
984,44,266.03,2025-12-09 04:47:08.591955+00:00
985,102,484.62,2025-12-09 04:47:08.615297+00:00
986,84,432.40,2025-12-09 04:47:08.655529+00:00
987,65,639.60,2025-12-09 04:47:08.690604+00:00
988,39,171.65,2025-12-09 04:47:08.732052+00:00
989,46,582.78,2025-12-09 04:47:08.745178+00:00
990,14,25.56,2025-12-09 04:47:08.791434+00:00
991,99,121.69,2025-12-09 04:47:08.801019+00:00
992,11,183.55,2025-12-09 04:47:08.811339+00:00
993,38,159.47,2025-12-09 04:47:08.822435+00:00
994,16,45.36,2025-12-09 04:47:08.834004+00:00
995,89,308.03,2025-12-09 04:47:08.844033+00:00
996,94,138.75,2025-12-09 04:47:08.877565+00:00
997,25,528.05,2025-12-09 04:47:08.893464+00:00
998,89,48.64,2025-12-09 04:47:08.937600+00:00
999,59,366.19,2025-12-09 04:47:08.951177+00:00
1000,24,100.51,2025-12-09 04:47:08.988990+00:00
1001,58,164.41,2025-12-09 04:47:08.999791+00:00
1002,58,296.52,2025-12-09 04:47:09.017446+00:00
1003,39,180.84,2025-12-09 04:47:09.051179+00:00
1004,76,67.92,2025-12-09 04:47:09.063403+00:00
1005,80,144.98,2025-12-09 04:47:09.073740+00:00
1006,54,157.15,2025-12-09 04:47:09.086316+00:00
1007,102,484.62,2025-12-09 04:47:09.100007+00:00
1008,105,142.20,2025-12-09 04:47:09.143220+00:00
1009,42,206.33,2025-12-09 04:47:09.158943+00:00
1010,35,305.68,2025-12-09 04:47:09.175099+00:00
1011,25,97.56,2025-12-09 04:47:09.208430+00:00
1012,95,64.14,2025-12-09 04:47:09.222383+00:00
1013,12,374.45,2025-12-09 04:47:09.236737+00:00
1014,24,9.28,2025-12-09 04:47:09.264136+00:00
1015,69,527.69,2025-12-09 04:47:09.278205+00:00
1016,91,368.44,2025-12-09 04:47:09.320891+00:00
1017,57,157.93,2025-12-09 04:47:09.358877+00:00
1018,97,387.86,2025-12-09 04:47:09.381947+00:00
1019,39,231.96,2025-12-09 04:47:09.421386+00:00
1020,46,60.86,2025-12-09 04:47:09.432888+00:00
1021,25,133.98,2025-12-09 04:47:09.441684+00:00
1022,55,21.42,2025-12-09 04:47:09.454970+00:00
1023,32,160.94,2025-12-09 04:47:09.463192+00:00
1024,99,490.24,2025-12-09 04:47:09.479982+00:00
1025,85,249.54,2025-12-09 04:47:09.519239+00:00
1026,8,49.12,2025-12-09 04:47:09.550827+00:00
1027,100,193.67,2025-12-09 04:47:09.562880+00:00
1028,21,433.54,2025-12-09 04:47:09.575467+00:00
1029,43,270.21,2025-12-09 04:47:09.609658+00:00
1030,37,88.43,2025-12-09 04:47:09.639302+00:00
1031,69,527.69,2025-12-09 04:47:09.651129+00:00
1032,62,623.89,2025-12-09 04:47:09.694282+00:00
1033,76,388.82,2025-12-09 04:47:09.744129+00:00
1034,31,6.93,2025-12-09 04:47:09.778669+00:00
1035,102,155.39,2025-12-09 04:47:09.787141+00:00
1036,60,103.06,2025-12-09 04:47:09.801598+00:00
1037,78,448.71,2025-12-09 04:47:09.814091+00:00
1038,66,50.80,2025-12-09 04:47:09.847487+00:00
1039,67,58.77,2025-12-09 04:47:09.856341+00:00
1040,50,126.97,2025-12-09 04:47:09.865185+00:00
1041,17,460.32,2025-12-09 04:47:09.876847+00:00
1042,56,130.38,2025-12-09 04:47:09.908983+00:00
1043,86,128.72,2025-12-09 04:47:09.931501+00:00
1044,12,31.38,2025-12-09 04:47:09.946184+00:00
1045,65,639.60,2025-12-09 04:47:09.956578+00:00
1046,84,432.40,2025-12-09 04:47:09.999121+00:00
1047,80,470.30,2025-12-09 04:47:10.040451+00:00
1048,105,433.92,2025-12-09 04:47:10.081756+00:00
1049,75,236.22,2025-12-09 04:47:10.126626+00:00
1050,8,492.59,2025-12-09 04:47:10.143089+00:00
1051,99,490.24,2025-12-09 04:47:10.181472+00:00
1052,15,105.40,2025-12-09 04:47:10.215785+00:00
1053,37,310.18,2025-12-09 04:47:10.227052+00:00
1054,8,492.59,2025-12-09 04:47:10.256500+00:00
1055,25,528.05,2025-12-09 04:47:10.292416+00:00
1056,29,13.27,2025-12-09 04:47:10.333979+00:00
1057,27,241.98,2025-12-09 04:47:10.343056+00:00
1058,44,266.03,2025-12-09 04:47:10.360564+00:00
1059,68,294.77,2025-12-09 04:47:10.385741+00:00
1060,100,76.76,2025-12-09 04:47:10.420926+00:00
1061,16,69.89,2025-12-09 04:47:10.430938+00:00
1062,97,387.86,2025-12-09 04:47:10.442823+00:00
1063,86,93.18,2025-12-09 04:47:10.474264+00:00
1064,32,195.60,2025-12-09 04:47:10.484873+00:00
1065,97,86.81,2025-12-09 04:47:10.497086+00:00
1066,35,305.68,2025-12-09 04:47:10.512743+00:00
1067,9,61.22,2025-12-09 04:47:10.543017+00:00
1068,87,578.73,2025-12-09 04:47:10.554975+00:00
1069,72,240.27,2025-12-09 04:47:10.599311+00:00
1070,90,131.77,2025-12-09 04:47:10.634791+00:00
1071,80,59.58,2025-12-09 04:47:10.648915+00:00
1072,48,476.44,2025-12-09 04:47:10.663384+00:00
1073,41,376.34,2025-12-09 04:47:10.702756+00:00
1074,8,128.00,2025-12-09 04:47:10.736232+00:00
1075,52,140.26,2025-12-09 04:47:10.746681+00:00
1076,90,21.37,2025-12-09 04:47:10.757224+00:00
1077,85,245.94,2025-12-09 04:47:10.765738+00:00
1078,58,296.52,2025-12-09 04:47:10.779211+00:00
1079,66,70.62,2025-12-09 04:47:10.808608+00:00
1080,77,56.67,2025-12-09 04:47:10.822856+00:00
1081,29,189.29,2025-12-09 04:47:10.832379+00:00
1082,105,227.88,2025-12-09 04:47:10.843587+00:00
1083,45,289.99,2025-12-09 04:47:10.855570+00:00
1084,90,438.94,2025-12-09 04:47:10.884139+00:00
1085,20,87.65,2025-12-09 04:47:10.920190+00:00
1086,101,369.23,2025-12-09 04:47:10.930772+00:00
1087,54,333.26,2025-12-09 04:47:10.969288+00:00
1088,81,142.09,2025-12-09 04:47:10.999774+00:00
1089,50,428.71,2025-12-09 04:47:11.011110+00:00
1090,56,127.29,2025-12-09 04:47:11.044526+00:00
1091,24,601.50,2025-12-09 04:47:11.057391+00:00
1092,101,369.23,2025-12-09 04:47:11.101857+00:00
1093,87,578.73,2025-12-09 04:47:11.143441+00:00
1094,74,139.16,2025-12-09 04:47:11.190454+00:00
1095,90,80.21,2025-12-09 04:47:11.204379+00:00
1096,54,333.26,2025-12-09 04:47:11.218597+00:00
1097,41,376.34,2025-12-09 04:47:11.250346+00:00
1098,45,289.99,2025-12-09 04:47:11.287361+00:00
1099,14,538.06,2025-12-09 04:47:11.314507+00:00
1100,78,448.71,2025-12-09 04:47:11.350900+00:00
1101,57,109.56,2025-12-09 04:47:11.381368+00:00
1102,102,484.62,2025-12-09 04:47:11.392510+00:00
1103,102,172.00,2025-12-09 04:47:11.431601+00:00
1104,10,57.75,2025-12-09 04:47:11.443127+00:00
1105,103,305.28,2025-12-09 04:47:11.457798+00:00
1106,59,10.71,2025-12-09 04:47:11.486160+00:00
1107,106,41.51,2025-12-09 04:47:11.495029+00:00
1108,50,26.10,2025-12-09 04:47:11.504124+00:00
1109,82,42.77,2025-12-09 04:47:11.513228+00:00
1110,86,127.88,2025-12-09 04:47:11.521903+00:00
1111,89,308.03,2025-12-09 04:47:11.533598+00:00
1112,45,145.54,2025-12-09 04:47:11.565370+00:00
1113,84,432.40,2025-12-09 04:47:11.580194+00:00
1114,62,80.64,2025-12-09 04:47:11.613764+00:00
1115,63,112.72,2025-12-09 04:47:11.623917+00:00
1116,90,438.94,2025-12-09 04:47:11.635426+00:00
1117,83,277.08,2025-12-09 04:47:11.671846+00:00
1118,12,374.45,2025-12-09 04:47:11.704200+00:00
1119,34,528.26,2025-12-09 04:47:11.734809+00:00
1120,94,97.19,2025-12-09 04:47:11.775706+00:00
1121,53,260.31,2025-12-09 04:47:11.792470+00:00
1122,62,108.92,2025-12-09 04:47:11.819730+00:00
1123,31,429.79,2025-12-09 04:47:11.833332+00:00
1124,23,185.89,2025-12-09 04:47:11.870238+00:00
1125,26,130.24,2025-12-09 04:47:11.882169+00:00
1126,103,113.24,2025-12-09 04:47:11.892536+00:00
1127,81,30.36,2025-12-09 04:47:11.902137+00:00
1128,35,32.04,2025-12-09 04:47:11.911129+00:00
1129,31,429.79,2025-12-09 04:47:11.926064+00:00
1130,22,569.52,2025-12-09 04:47:11.969099+00:00
1131,46,582.78,2025-12-09 04:47:12.018596+00:00
1132,28,433.41,2025-12-09 04:47:12.064180+00:00
1133,28,58.79,2025-12-09 04:47:12.103756+00:00
1134,88,166.29,2025-12-09 04:47:12.113560+00:00
1135,60,151.61,2025-12-09 04:47:12.124946+00:00
1136,8,146.87,2025-12-09 04:47:12.135594+00:00
1137,34,25.88,2025-12-09 04:47:12.145547+00:00
1138,84,432.40,2025-12-09 04:47:12.156222+00:00
1139,51,451.82,2025-12-09 04:47:12.197560+00:00
1140,52,85.22,2025-12-09 04:47:12.231190+00:00
1141,76,65.64,2025-12-09 04:47:12.242157+00:00
1142,47,139.24,2025-12-09 04:47:12.255248+00:00
1143,75,259.91,2025-12-09 04:47:12.271030+00:00
1144,9,401.11,2025-12-09 04:47:12.303721+00:00
1145,69,40.30,2025-12-09 04:47:12.338632+00:00
1146,29,487.75,2025-12-09 04:47:12.353128+00:00
1147,107,132.27,2025-12-09 04:47:12.394227+00:00
1148,102,143.83,2025-12-09 04:47:12.405479+00:00
1149,71,306.07,2025-12-09 04:47:12.422463+00:00
1150,51,451.82,2025-12-09 04:47:12.457844+00:00
1151,55,123.29,2025-12-09 04:47:12.493906+00:00
1152,47,16.24,2025-12-09 04:47:12.508809+00:00
1153,53,260.31,2025-12-09 04:47:12.522709+00:00
1154,68,294.77,2025-12-09 04:47:12.555712+00:00
1155,35,305.68,2025-12-09 04:47:12.592091+00:00
1156,22,569.52,2025-12-09 04:47:12.628610+00:00
1157,24,199.39,2025-12-09 04:47:12.675806+00:00
1158,57,157.93,2025-12-09 04:47:12.692106+00:00
1159,53,241.44,2025-12-09 04:47:12.718097+00:00
1160,64,529.14,2025-12-09 04:47:12.735029+00:00
1161,41,202.51,2025-12-09 04:47:12.777882+00:00
1162,32,68.73,2025-12-09 04:47:12.787663+00:00
1163,21,86.80,2025-12-09 04:47:12.796051+00:00
1164,48,167.99,2025-12-09 04:47:12.806847+00:00
1165,95,349.31,2025-12-09 04:47:12.822079+00:00
1166,106,318.07,2025-12-09 04:47:12.857567+00:00
1167,38,380.10,2025-12-09 04:47:12.888742+00:00
1168,48,47.22,2025-12-09 04:47:12.924677+00:00
1169,21,56.78,2025-12-09 04:47:12.933695+00:00
1170,8,492.59,2025-12-09 04:47:12.944596+00:00
1171,46,582.78,2025-12-09 04:47:12.985661+00:00
1172,32,502.52,2025-12-09 04:47:13.031549+00:00
1173,17,88.25,2025-12-09 04:47:13.068463+00:00
1174,73,501.25,2025-12-09 04:47:13.079204+00:00
1175,34,169.92,2025-12-09 04:47:13.116536+00:00
1176,79,347.13,2025-12-09 04:47:13.128007+00:00
1177,43,270.21,2025-12-09 04:47:13.160872+00:00
1178,23,672.46,2025-12-09 04:47:13.191790+00:00
1179,103,305.28,2025-12-09 04:47:13.244451+00:00
1180,90,438.94,2025-12-09 04:47:13.268214+00:00
1181,92,537.62,2025-12-09 04:47:13.304894+00:00
1182,105,433.92,2025-12-09 04:47:13.344791+00:00
1183,96,390.19,2025-12-09 04:47:13.386153+00:00
1184,47,452.46,2025-12-09 04:47:13.421584+00:00
1185,40,105.35,2025-12-09 04:47:13.452294+00:00
1186,49,155.56,2025-12-09 04:47:13.463952+00:00
1187,72,240.27,2025-12-09 04:47:13.482105+00:00
1188,94,152.69,2025-12-09 04:47:13.517960+00:00
1189,103,176.07,2025-12-09 04:47:13.534741+00:00
1190,37,310.18,2025-12-09 04:47:13.547767+00:00
1191,89,308.03,2025-12-09 04:47:13.587834+00:00
1192,39,560.55,2025-12-09 04:47:13.635884+00:00
1193,71,135.33,2025-12-09 04:47:13.679755+00:00
1194,50,428.71,2025-12-09 04:47:13.692414+00:00
1195,74,511.76,2025-12-09 04:47:13.729699+00:00
1196,50,428.71,2025-12-09 04:47:13.774149+00:00
1197,106,45.09,2025-12-09 04:47:13.806201+00:00
1198,33,150.38,2025-12-09 04:47:13.815608+00:00
1199,51,82.06,2025-12-09 04:47:13.826814+00:00
1200,39,16.72,2025-12-09 04:47:13.837823+00:00
1201,68,30.78,2025-12-09 04:47:13.851098+00:00
1202,67,177.78,2025-12-09 04:47:13.864352+00:00
1203,68,53.25,2025-12-09 04:47:13.876614+00:00
1204,29,487.75,2025-12-09 04:47:13.891012+00:00
1205,60,130.05,2025-12-09 04:47:13.929518+00:00
